"","der_activity_month","var_1","name","prop","sector","value"
"1","2018-02-01","1","Inpatient admissions","20.2794051374493","NHS","7076"
"2","2018-02-01","1","Inpatient admissions","20.2794051374493","Independent Sector","1800"
"3","2018-02-01","1","Outpatient appointments","7.2314483918436","NHS","4413"
"4","2018-02-01","1","Outpatient appointments","7.2314483918436","Independent Sector","344"
"5","2018-02-01","2","Inpatient admissions","24.9514563106796","NHS","6957"
"6","2018-02-01","2","Inpatient admissions","24.9514563106796","Independent Sector","2313"
"7","2018-02-01","2","Outpatient appointments","8.54314611577362","NHS","4250"
"8","2018-02-01","2","Outpatient appointments","8.54314611577362","Independent Sector","397"
"9","2018-02-01","3","Inpatient admissions","27.2988790794564","NHS","7329"
"10","2018-02-01","3","Inpatient admissions","27.2988790794564","Independent Sector","2752"
"11","2018-02-01","3","Outpatient appointments","9.85824742268041","NHS","4197"
"12","2018-02-01","3","Outpatient appointments","9.85824742268041","Independent Sector","459"
"13","2018-02-01","4","Inpatient admissions","30.7758538218693","NHS","7236"
"14","2018-02-01","4","Inpatient admissions","30.7758538218693","Independent Sector","3217"
"15","2018-02-01","4","Outpatient appointments","12.940379403794","NHS","3855"
"16","2018-02-01","4","Outpatient appointments","12.940379403794","Independent Sector","573"
"17","2018-02-01","5","Inpatient admissions","33.3655986835737","NHS","6884"
"18","2018-02-01","5","Inpatient admissions","33.3655986835737","Independent Sector","3447"
"19","2018-02-01","5","Outpatient appointments","11.5011202389843","NHS","3555"
"20","2018-02-01","5","Outpatient appointments","11.5011202389843","Independent Sector","462"
"21","2018-03-01","1","Inpatient admissions","21.3694752884825","NHS","7223"
"22","2018-03-01","1","Inpatient admissions","21.3694752884825","Independent Sector","1963"
"23","2018-03-01","1","Outpatient appointments","6.37934307955193","NHS","4931"
"24","2018-03-01","1","Outpatient appointments","6.37934307955193","Independent Sector","336"
"25","2018-03-01","2","Inpatient admissions","25.3925619834711","NHS","7222"
"26","2018-03-01","2","Inpatient admissions","25.3925619834711","Independent Sector","2458"
"27","2018-03-01","2","Outpatient appointments","8.46388606307223","NHS","4499"
"28","2018-03-01","2","Outpatient appointments","8.46388606307223","Independent Sector","416"
"29","2018-03-01","3","Inpatient admissions","27.0445572476029","NHS","7761"
"30","2018-03-01","3","Inpatient admissions","27.0445572476029","Independent Sector","2877"
"31","2018-03-01","3","Outpatient appointments","9.79904702713901","NHS","4354"
"32","2018-03-01","3","Outpatient appointments","9.79904702713901","Independent Sector","473"
"33","2018-03-01","4","Inpatient admissions","31.0697502994564","NHS","7481"
"34","2018-03-01","4","Inpatient admissions","31.0697502994564","Independent Sector","3372"
"35","2018-03-01","4","Outpatient appointments","12.1115173674589","NHS","3846"
"36","2018-03-01","4","Outpatient appointments","12.1115173674589","Independent Sector","530"
"37","2018-03-01","5","Inpatient admissions","32.8293328293328","NHS","7108"
"38","2018-03-01","5","Inpatient admissions","32.8293328293328","Independent Sector","3474"
"39","2018-03-01","5","Outpatient appointments","11.5708274894811","NHS","3783"
"40","2018-03-01","5","Outpatient appointments","11.5708274894811","Independent Sector","495"
"41","2018-04-01","1","Inpatient admissions","19.2620666592353","NHS","7243"
"42","2018-04-01","1","Inpatient admissions","19.2620666592353","Independent Sector","1728"
"43","2018-04-01","1","Outpatient appointments","6.18371382347654","NHS","5219"
"44","2018-04-01","1","Outpatient appointments","6.18371382347654","Independent Sector","344"
"45","2018-04-01","2","Inpatient admissions","23.5337945715806","NHS","7184"
"46","2018-04-01","2","Inpatient admissions","23.5337945715806","Independent Sector","2211"
"47","2018-04-01","2","Outpatient appointments","8.30564784053156","NHS","4968"
"48","2018-04-01","2","Outpatient appointments","8.30564784053156","Independent Sector","450"
"49","2018-04-01","3","Inpatient admissions","25.9135559921415","NHS","7542"
"50","2018-04-01","3","Inpatient admissions","25.9135559921415","Independent Sector","2638"
"51","2018-04-01","3","Outpatient appointments","9.49197860962567","NHS","4739"
"52","2018-04-01","3","Outpatient appointments","9.49197860962567","Independent Sector","497"
"53","2018-04-01","4","Inpatient admissions","28.8823417601216","NHS","7483"
"54","2018-04-01","4","Inpatient admissions","28.8823417601216","Independent Sector","3039"
"55","2018-04-01","4","Outpatient appointments","11.3056013179572","NHS","4307"
"56","2018-04-01","4","Outpatient appointments","11.3056013179572","Independent Sector","549"
"57","2018-04-01","5","Inpatient admissions","30.8307024467245","NHS","7011"
"58","2018-04-01","5","Inpatient admissions","30.8307024467245","Independent Sector","3125"
"59","2018-04-01","5","Outpatient appointments","11.153928494969","NHS","4150"
"60","2018-04-01","5","Outpatient appointments","11.153928494969","Independent Sector","521"
"61","2018-05-01","1","Inpatient admissions","19.2158067158067","NHS","7891"
"62","2018-05-01","1","Inpatient admissions","19.2158067158067","Independent Sector","1877"
"63","2018-05-01","1","Outpatient appointments","5.22112113592664","NHS","6408"
"64","2018-05-01","1","Outpatient appointments","5.22112113592664","Independent Sector","353"
"65","2018-05-01","2","Inpatient admissions","21.8433088089083","NHS","7861"
"66","2018-05-01","2","Inpatient admissions","21.8433088089083","Independent Sector","2197"
"67","2018-05-01","2","Outpatient appointments","7.92385291246339","NHS","5659"
"68","2018-05-01","2","Outpatient appointments","7.92385291246339","Independent Sector","487"
"69","2018-05-01","3","Inpatient admissions","24.9209646825038","NHS","8312"
"70","2018-05-01","3","Inpatient admissions","24.9209646825038","Independent Sector","2759"
"71","2018-05-01","3","Outpatient appointments","9.30155025837639","NHS","5441"
"72","2018-05-01","3","Outpatient appointments","9.30155025837639","Independent Sector","558"
"73","2018-05-01","4","Inpatient admissions","28.126119670369","NHS","8024"
"74","2018-05-01","4","Inpatient admissions","28.126119670369","Independent Sector","3140"
"75","2018-05-01","4","Outpatient appointments","10.6659447753113","NHS","4950"
"76","2018-05-01","4","Outpatient appointments","10.6659447753113","Independent Sector","591"
"77","2018-05-01","5","Inpatient admissions","28.7754340115736","NHS","7631"
"78","2018-05-01","5","Inpatient admissions","28.7754340115736","Independent Sector","3083"
"79","2018-05-01","5","Outpatient appointments","10.6034646868456","NHS","4696"
"80","2018-05-01","5","Outpatient appointments","10.6034646868456","Independent Sector","557"
"81","2018-06-01","1","Inpatient admissions","18.6607892527288","NHS","7750"
"82","2018-06-01","1","Inpatient admissions","18.6607892527288","Independent Sector","1778"
"83","2018-06-01","1","Outpatient appointments","5.66789215686275","NHS","6158"
"84","2018-06-01","1","Outpatient appointments","5.66789215686275","Independent Sector","370"
"85","2018-06-01","2","Inpatient admissions","22.4831867563373","NHS","7492"
"86","2018-06-01","2","Inpatient admissions","22.4831867563373","Independent Sector","2173"
"87","2018-06-01","2","Outpatient appointments","7.52652519893899","NHS","5578"
"88","2018-06-01","2","Outpatient appointments","7.52652519893899","Independent Sector","454"
"89","2018-06-01","3","Inpatient admissions","24.0090814492479","NHS","8033"
"90","2018-06-01","3","Inpatient admissions","24.0090814492479","Independent Sector","2538"
"91","2018-06-01","3","Outpatient appointments","8.78401074907625","NHS","5431"
"92","2018-06-01","3","Outpatient appointments","8.78401074907625","Independent Sector","523"
"93","2018-06-01","4","Inpatient admissions","27.7982227807199","NHS","8044"
"94","2018-06-01","4","Inpatient admissions","27.7982227807199","Independent Sector","3097"
"95","2018-06-01","4","Outpatient appointments","9.93012136815005","NHS","4898"
"96","2018-06-01","4","Outpatient appointments","9.93012136815005","Independent Sector","540"
"97","2018-06-01","5","Inpatient admissions","29.439606209769","NHS","7454"
"98","2018-06-01","5","Inpatient admissions","29.439606209769","Independent Sector","3110"
"99","2018-06-01","5","Outpatient appointments","10.2807433768288","NHS","4538"
"100","2018-06-01","5","Outpatient appointments","10.2807433768288","Independent Sector","520"
"101","2018-07-01","1","Inpatient admissions","18.781887755102","NHS","7641"
"102","2018-07-01","1","Inpatient admissions","18.781887755102","Independent Sector","1767"
"103","2018-07-01","1","Outpatient appointments","5.51420325079751","NHS","6220"
"104","2018-07-01","1","Outpatient appointments","5.51420325079751","Independent Sector","363"
"105","2018-07-01","2","Inpatient admissions","21.4707619610159","NHS","7977"
"106","2018-07-01","2","Inpatient admissions","21.4707619610159","Independent Sector","2181"
"107","2018-07-01","2","Outpatient appointments","7.27152536770782","NHS","5611"
"108","2018-07-01","2","Outpatient appointments","7.27152536770782","Independent Sector","440"
"109","2018-07-01","3","Inpatient admissions","24.8508575689784","NHS","8062"
"110","2018-07-01","3","Inpatient admissions","24.8508575689784","Independent Sector","2666"
"111","2018-07-01","3","Outpatient appointments","9.10749834107498","NHS","5479"
"112","2018-07-01","3","Outpatient appointments","9.10749834107498","Independent Sector","549"
"113","2018-07-01","4","Inpatient admissions","27.4184733102569","NHS","7968"
"114","2018-07-01","4","Inpatient admissions","27.4184733102569","Independent Sector","3010"
"115","2018-07-01","4","Outpatient appointments","10.2638236357065","NHS","4966"
"116","2018-07-01","4","Outpatient appointments","10.2638236357065","Independent Sector","568"
"117","2018-07-01","5","Inpatient admissions","28.5198212757867","NHS","7519"
"118","2018-07-01","5","Inpatient admissions","28.5198212757867","Independent Sector","3000"
"119","2018-07-01","5","Outpatient appointments","10.6004302757677","NHS","4571"
"120","2018-07-01","5","Outpatient appointments","10.6004302757677","Independent Sector","542"
"121","2018-08-01","1","Inpatient admissions","17.7212313983869","NHS","7243"
"122","2018-08-01","1","Inpatient admissions","17.7212313983869","Independent Sector","1560"
"123","2018-08-01","1","Outpatient appointments","6.07454401268834","NHS","5922"
"124","2018-08-01","1","Outpatient appointments","6.07454401268834","Independent Sector","383"
"125","2018-08-01","2","Inpatient admissions","23.4289397357396","NHS","7128"
"126","2018-08-01","2","Inpatient admissions","23.4289397357396","Independent Sector","2181"
"127","2018-08-01","2","Outpatient appointments","8.53319429961766","NHS","5263"
"128","2018-08-01","2","Outpatient appointments","8.53319429961766","Independent Sector","491"
"129","2018-08-01","3","Inpatient admissions","24.5550527903469","NHS","7503"
"130","2018-08-01","3","Inpatient admissions","24.5550527903469","Independent Sector","2442"
"131","2018-08-01","3","Outpatient appointments","9.59128065395095","NHS","4977"
"132","2018-08-01","3","Outpatient appointments","9.59128065395095","Independent Sector","528"
"133","2018-08-01","4","Inpatient admissions","28.2709178379398","NHS","7604"
"134","2018-08-01","4","Inpatient admissions","28.2709178379398","Independent Sector","2997"
"135","2018-08-01","4","Outpatient appointments","10.6076000812843","NHS","4399"
"136","2018-08-01","4","Outpatient appointments","10.6076000812843","Independent Sector","522"
"137","2018-08-01","5","Inpatient admissions","28.8272963778267","NHS","7113"
"138","2018-08-01","5","Inpatient admissions","28.8272963778267","Independent Sector","2881"
"139","2018-08-01","5","Outpatient appointments","11.8143459915612","NHS","4180"
"140","2018-08-01","5","Outpatient appointments","11.8143459915612","Independent Sector","560"
"141","2018-09-01","1","Inpatient admissions","20.3815834571004","NHS","6969"
"142","2018-09-01","1","Inpatient admissions","20.3815834571004","Independent Sector","1784"
"143","2018-09-01","1","Outpatient appointments","6.54793085385018","NHS","5352"
"144","2018-09-01","1","Outpatient appointments","6.54793085385018","Independent Sector","375"
"145","2018-09-01","2","Inpatient admissions","23.5152403896512","NHS","7302"
"146","2018-09-01","2","Inpatient admissions","23.5152403896512","Independent Sector","2245"
"147","2018-09-01","2","Outpatient appointments","9.00935292994846","NHS","4767"
"148","2018-09-01","2","Outpatient appointments","9.00935292994846","Independent Sector","472"
"149","2018-09-01","3","Inpatient admissions","26.9036519036519","NHS","7526"
"150","2018-09-01","3","Inpatient admissions","26.9036519036519","Independent Sector","2770"
"151","2018-09-01","3","Outpatient appointments","10","NHS","4383"
"152","2018-09-01","3","Outpatient appointments","10","Independent Sector","487"
"153","2018-09-01","4","Inpatient admissions","29.7269592768614","NHS","7541"
"154","2018-09-01","4","Inpatient admissions","29.7269592768614","Independent Sector","3190"
"155","2018-09-01","4","Outpatient appointments","11.3807531380753","NHS","4236"
"156","2018-09-01","4","Outpatient appointments","11.3807531380753","Independent Sector","544"
"157","2018-09-01","5","Inpatient admissions","30.7437048604333","NHS","7096"
"158","2018-09-01","5","Inpatient admissions","30.7437048604333","Independent Sector","3150"
"159","2018-09-01","5","Outpatient appointments","11.5632183908046","NHS","3847"
"160","2018-09-01","5","Outpatient appointments","11.5632183908046","Independent Sector","503"
"161","2018-10-01","1","Inpatient admissions","18.5113532226861","NHS","8003"
"162","2018-10-01","1","Inpatient admissions","18.5113532226861","Independent Sector","1818"
"163","2018-10-01","1","Outpatient appointments","6.06860158311346","NHS","6408"
"164","2018-10-01","1","Outpatient appointments","6.06860158311346","Independent Sector","414"
"165","2018-10-01","2","Inpatient admissions","21.9766785781456","NHS","8297"
"166","2018-10-01","2","Inpatient admissions","21.9766785781456","Independent Sector","2337"
"167","2018-10-01","2","Outpatient appointments","8.6949481865285","NHS","5639"
"168","2018-10-01","2","Outpatient appointments","8.6949481865285","Independent Sector","537"
"169","2018-10-01","3","Inpatient admissions","24.9487354750513","NHS","8784"
"170","2018-10-01","3","Inpatient admissions","24.9487354750513","Independent Sector","2920"
"171","2018-10-01","3","Outpatient appointments","9.27689594356261","NHS","5144"
"172","2018-10-01","3","Outpatient appointments","9.27689594356261","Independent Sector","526"
"173","2018-10-01","4","Inpatient admissions","28.6462167689162","NHS","8723"
"174","2018-10-01","4","Inpatient admissions","28.6462167689162","Independent Sector","3502"
"175","2018-10-01","4","Outpatient appointments","11.7052023121387","NHS","4888"
"176","2018-10-01","4","Outpatient appointments","11.7052023121387","Independent Sector","648"
"177","2018-10-01","5","Inpatient admissions","30.487496842637","NHS","8256"
"178","2018-10-01","5","Inpatient admissions","30.487496842637","Independent Sector","3621"
"179","2018-10-01","5","Outpatient appointments","10.7156238291495","NHS","4766"
"180","2018-10-01","5","Outpatient appointments","10.7156238291495","Independent Sector","572"
"181","2018-11-01","1","Inpatient admissions","19.232327324286","NHS","7975"
"182","2018-11-01","1","Inpatient admissions","19.232327324286","Independent Sector","1899"
"183","2018-11-01","1","Outpatient appointments","6.55952771400459","NHS","5698"
"184","2018-11-01","1","Outpatient appointments","6.55952771400459","Independent Sector","400"
"185","2018-11-01","2","Inpatient admissions","22.3475237289728","NHS","8263"
"186","2018-11-01","2","Inpatient admissions","22.3475237289728","Independent Sector","2378"
"187","2018-11-01","2","Outpatient appointments","8.85582713425434","NHS","5146"
"188","2018-11-01","2","Outpatient appointments","8.85582713425434","Independent Sector","500"
"189","2018-11-01","3","Inpatient admissions","24.8538011695906","NHS","8995"
"190","2018-11-01","3","Inpatient admissions","24.8538011695906","Independent Sector","2975"
"191","2018-11-01","3","Outpatient appointments","9.44687321801939","NHS","4764"
"192","2018-11-01","3","Outpatient appointments","9.44687321801939","Independent Sector","497"
"193","2018-11-01","4","Inpatient admissions","27.8531073446328","NHS","8939"
"194","2018-11-01","4","Inpatient admissions","27.8531073446328","Independent Sector","3451"
"195","2018-11-01","4","Outpatient appointments","11.8751275249949","NHS","4319"
"196","2018-11-01","4","Outpatient appointments","11.8751275249949","Independent Sector","582"
"197","2018-11-01","5","Inpatient admissions","30.8857808857809","NHS","8302"
"198","2018-11-01","5","Inpatient admissions","30.8857808857809","Independent Sector","3710"
"199","2018-11-01","5","Outpatient appointments","10.9872611464968","NHS","4472"
"200","2018-11-01","5","Outpatient appointments","10.9872611464968","Independent Sector","552"
"201","2018-12-01","1","Inpatient admissions","19.0965613500825","NHS","6376"
"202","2018-12-01","1","Inpatient admissions","19.0965613500825","Independent Sector","1505"
"203","2018-12-01","1","Outpatient appointments","5.44891640866873","NHS","4581"
"204","2018-12-01","1","Outpatient appointments","5.44891640866873","Independent Sector","264"
"205","2018-12-01","2","Inpatient admissions","21.7772648586267","NHS","6778"
"206","2018-12-01","2","Inpatient admissions","21.7772648586267","Independent Sector","1887"
"207","2018-12-01","2","Outpatient appointments","8.26021827519795","NHS","4287"
"208","2018-12-01","2","Outpatient appointments","8.26021827519795","Independent Sector","386"
"209","2018-12-01","3","Inpatient admissions","24.862623120788","NHS","7247"
"210","2018-12-01","3","Inpatient admissions","24.862623120788","Independent Sector","2398"
"211","2018-12-01","3","Outpatient appointments","9.41283984464245","NHS","3965"
"212","2018-12-01","3","Outpatient appointments","9.41283984464245","Independent Sector","412"
"213","2018-12-01","4","Inpatient admissions","28.2868525896414","NHS","7020"
"214","2018-12-01","4","Inpatient admissions","28.2868525896414","Independent Sector","2769"
"215","2018-12-01","4","Outpatient appointments","11.2154031287605","NHS","3689"
"216","2018-12-01","4","Outpatient appointments","11.2154031287605","Independent Sector","466"
"217","2018-12-01","5","Inpatient admissions","29.5692045212199","NHS","6605"
"218","2018-12-01","5","Inpatient admissions","29.5692045212199","Independent Sector","2773"
"219","2018-12-01","5","Outpatient appointments","10.0534239922292","NHS","3704"
"220","2018-12-01","5","Outpatient appointments","10.0534239922292","Independent Sector","414"
"221","2019-01-01","1","Inpatient admissions","19.7338026619734","NHS","7297"
"222","2019-01-01","1","Inpatient admissions","19.7338026619734","Independent Sector","1794"
"223","2019-01-01","1","Outpatient appointments","6.34264046880386","NHS","5434"
"224","2019-01-01","1","Outpatient appointments","6.34264046880386","Independent Sector","368"
"225","2019-01-01","2","Inpatient admissions","23.3681597186304","NHS","7408"
"226","2019-01-01","2","Inpatient admissions","23.3681597186304","Independent Sector","2259"
"227","2019-01-01","2","Outpatient appointments","8.721251149954","NHS","4961"
"228","2019-01-01","2","Outpatient appointments","8.721251149954","Independent Sector","474"
"229","2019-01-01","3","Inpatient admissions","26.0725760725761","NHS","7823"
"230","2019-01-01","3","Inpatient admissions","26.0725760725761","Independent Sector","2759"
"231","2019-01-01","3","Outpatient appointments","9.82865750329505","NHS","4789"
"232","2019-01-01","3","Outpatient appointments","9.82865750329505","Independent Sector","522"
"233","2019-01-01","4","Inpatient admissions","29.7440028643036","NHS","7849"
"234","2019-01-01","4","Inpatient admissions","29.7440028643036","Independent Sector","3323"
"235","2019-01-01","4","Outpatient appointments","11.9945033372595","NHS","4483"
"236","2019-01-01","4","Outpatient appointments","11.9945033372595","Independent Sector","611"
"237","2019-01-01","5","Inpatient admissions","31.5467494521549","NHS","7497"
"238","2019-01-01","5","Inpatient admissions","31.5467494521549","Independent Sector","3455"
"239","2019-01-01","5","Outpatient appointments","10.5594956658786","NHS","4540"
"240","2019-01-01","5","Outpatient appointments","10.5594956658786","Independent Sector","536"
"241","2019-02-01","1","Inpatient admissions","19.4809688581315","NHS","6981"
"242","2019-02-01","1","Inpatient admissions","19.4809688581315","Independent Sector","1689"
"243","2019-02-01","1","Outpatient appointments","6.31820792647903","NHS","4893"
"244","2019-02-01","1","Outpatient appointments","6.31820792647903","Independent Sector","330"
"245","2019-02-01","2","Inpatient admissions","23.6644543575237","NHS","7016"
"246","2019-02-01","2","Inpatient admissions","23.6644543575237","Independent Sector","2175"
"247","2019-02-01","2","Outpatient appointments","8.09962327333612","NHS","4391"
"248","2019-02-01","2","Outpatient appointments","8.09962327333612","Independent Sector","387"
"249","2019-02-01","3","Inpatient admissions","26.7827609689659","NHS","7526"
"250","2019-02-01","3","Inpatient admissions","26.7827609689659","Independent Sector","2753"
"251","2019-02-01","3","Outpatient appointments","10.732538330494","NHS","4192"
"252","2019-02-01","3","Outpatient appointments","10.732538330494","Independent Sector","504"
"253","2019-02-01","4","Inpatient admissions","30.5882352941176","NHS","7316"
"254","2019-02-01","4","Inpatient admissions","30.5882352941176","Independent Sector","3224"
"255","2019-02-01","4","Outpatient appointments","11.9383259911894","NHS","3998"
"256","2019-02-01","4","Outpatient appointments","11.9383259911894","Independent Sector","542"
"257","2019-02-01","5","Inpatient admissions","32.1978021978022","NHS","6787"
"258","2019-02-01","5","Inpatient admissions","32.1978021978022","Independent Sector","3223"
"259","2019-02-01","5","Outpatient appointments","11.3299402522682","NHS","4007"
"260","2019-02-01","5","Outpatient appointments","11.3299402522682","Independent Sector","512"
"261","2019-03-01","1","Inpatient admissions","19.9456975772765","NHS","7666"
"262","2019-03-01","1","Inpatient admissions","19.9456975772765","Independent Sector","1910"
"263","2019-03-01","1","Outpatient appointments","6.05066520867505","NHS","5155"
"264","2019-03-01","1","Outpatient appointments","6.05066520867505","Independent Sector","332"
"265","2019-03-01","2","Inpatient admissions","24.8546368384744","NHS","7625"
"266","2019-03-01","2","Inpatient admissions","24.8546368384744","Independent Sector","2522"
"267","2019-03-01","2","Outpatient appointments","8.00468566966029","NHS","4712"
"268","2019-03-01","2","Outpatient appointments","8.00468566966029","Independent Sector","410"
"269","2019-03-01","3","Inpatient admissions","25.9348937315039","NHS","8259"
"270","2019-03-01","3","Inpatient admissions","25.9348937315039","Independent Sector","2892"
"271","2019-03-01","3","Outpatient appointments","9.32880543347982","NHS","4539"
"272","2019-03-01","3","Outpatient appointments","9.32880543347982","Independent Sector","467"
"273","2019-03-01","4","Inpatient admissions","30.0516351118761","NHS","8128"
"274","2019-03-01","4","Inpatient admissions","30.0516351118761","Independent Sector","3492"
"275","2019-03-01","4","Outpatient appointments","11.3454403436829","NHS","4540"
"276","2019-03-01","4","Outpatient appointments","11.3454403436829","Independent Sector","581"
"277","2019-03-01","5","Inpatient admissions","31.613424264178","NHS","7621"
"278","2019-03-01","5","Inpatient admissions","31.613424264178","Independent Sector","3523"
"279","2019-03-01","5","Outpatient appointments","10.5518112889638","NHS","4247"
"280","2019-03-01","5","Outpatient appointments","10.5518112889638","Independent Sector","501"
"281","2019-04-01","1","Inpatient admissions","18.6362589265146","NHS","7064"
"282","2019-04-01","1","Inpatient admissions","18.6362589265146","Independent Sector","1618"
"283","2019-04-01","1","Outpatient appointments","5.21622076392394","NHS","5633"
"284","2019-04-01","1","Outpatient appointments","5.21622076392394","Independent Sector","310"
"285","2019-04-01","2","Inpatient admissions","21.2690298922102","NHS","7085"
"286","2019-04-01","2","Inpatient admissions","21.2690298922102","Independent Sector","1914"
"287","2019-04-01","2","Outpatient appointments","7.88660730510631","NHS","5069"
"288","2019-04-01","2","Outpatient appointments","7.88660730510631","Independent Sector","434"
"289","2019-04-01","3","Inpatient admissions","24.7086012861736","NHS","7493"
"290","2019-04-01","3","Inpatient admissions","24.7086012861736","Independent Sector","2459"
"291","2019-04-01","3","Outpatient appointments","8.97506925207756","NHS","4929"
"292","2019-04-01","3","Outpatient appointments","8.97506925207756","Independent Sector","486"
"293","2019-04-01","4","Inpatient admissions","27.1505376344086","NHS","7317"
"294","2019-04-01","4","Inpatient admissions","27.1505376344086","Independent Sector","2727"
"295","2019-04-01","4","Outpatient appointments","10.0304568527919","NHS","4431"
"296","2019-04-01","4","Outpatient appointments","10.0304568527919","Independent Sector","494"
"297","2019-04-01","5","Inpatient admissions","29.0352314625154","NHS","6929"
"298","2019-04-01","5","Inpatient admissions","29.0352314625154","Independent Sector","2835"
"299","2019-04-01","5","Outpatient appointments","9.83276244207133","NHS","4475"
"300","2019-04-01","5","Outpatient appointments","9.83276244207133","Independent Sector","488"
"301","2019-05-01","1","Inpatient admissions","19.6528005240747","NHS","7359"
"302","2019-05-01","1","Inpatient admissions","19.6528005240747","Independent Sector","1800"
"303","2019-05-01","1","Outpatient appointments","5.05584062782976","NHS","6291"
"304","2019-05-01","1","Outpatient appointments","5.05584062782976","Independent Sector","335"
"305","2019-05-01","2","Inpatient admissions","22.7221940071102","NHS","7608"
"306","2019-05-01","2","Inpatient admissions","22.7221940071102","Independent Sector","2237"
"307","2019-05-01","2","Outpatient appointments","7.68579651261215","NHS","5453"
"308","2019-05-01","2","Outpatient appointments","7.68579651261215","Independent Sector","454"
"309","2019-05-01","3","Inpatient admissions","25.3454476623131","NHS","7888"
"310","2019-05-01","3","Inpatient admissions","25.3454476623131","Independent Sector","2678"
"311","2019-05-01","3","Outpatient appointments","9.38488576449912","NHS","5156"
"312","2019-05-01","3","Outpatient appointments","9.38488576449912","Independent Sector","534"
"313","2019-05-01","4","Inpatient admissions","29.0348816193747","NHS","7853"
"314","2019-05-01","4","Inpatient admissions","29.0348816193747","Independent Sector","3213"
"315","2019-05-01","4","Outpatient appointments","9.99815532189633","NHS","4879"
"316","2019-05-01","4","Outpatient appointments","9.99815532189633","Independent Sector","542"
"317","2019-05-01","5","Inpatient admissions","30.1405810684161","NHS","7454"
"318","2019-05-01","5","Inpatient admissions","30.1405810684161","Independent Sector","3216"
"319","2019-05-01","5","Outpatient appointments","9.89754494490624","NHS","4661"
"320","2019-05-01","5","Outpatient appointments","9.89754494490624","Independent Sector","512"
"321","2019-06-01","1","Inpatient admissions","18.9807290457395","NHS","6979"
"322","2019-06-01","1","Inpatient admissions","18.9807290457395","Independent Sector","1635"
"323","2019-06-01","1","Outpatient appointments","5.37051792828685","NHS","5938"
"324","2019-06-01","1","Outpatient appointments","5.37051792828685","Independent Sector","337"
"325","2019-06-01","2","Inpatient admissions","23.020618556701","NHS","7467"
"326","2019-06-01","2","Inpatient admissions","23.020618556701","Independent Sector","2233"
"327","2019-06-01","2","Outpatient appointments","7.83369022127052","NHS","5165"
"328","2019-06-01","2","Outpatient appointments","7.83369022127052","Independent Sector","439"
"329","2019-06-01","3","Inpatient admissions","25.3092479874337","NHS","7608"
"330","2019-06-01","3","Inpatient admissions","25.3092479874337","Independent Sector","2578"
"331","2019-06-01","3","Outpatient appointments","8.75533296234465","NHS","4919"
"332","2019-06-01","3","Outpatient appointments","8.75533296234465","Independent Sector","472"
"333","2019-06-01","4","Inpatient admissions","29.2542116221844","NHS","7475"
"334","2019-06-01","4","Inpatient admissions","29.2542116221844","Independent Sector","3091"
"335","2019-06-01","4","Outpatient appointments","10.3731343283582","NHS","4804"
"336","2019-06-01","4","Outpatient appointments","10.3731343283582","Independent Sector","556"
"337","2019-06-01","5","Inpatient admissions","30.5231689088191","NHS","6972"
"338","2019-06-01","5","Inpatient admissions","30.5231689088191","Independent Sector","3063"
"339","2019-06-01","5","Outpatient appointments","9.92865636147443","NHS","4545"
"340","2019-06-01","5","Outpatient appointments","9.92865636147443","Independent Sector","501"
"341","2019-07-01","1","Inpatient admissions","18.9070216877818","NHS","7553"
"342","2019-07-01","1","Inpatient admissions","18.9070216877818","Independent Sector","1761"
"343","2019-07-01","1","Outpatient appointments","5.18352479686187","NHS","6768"
"344","2019-07-01","1","Outpatient appointments","5.18352479686187","Independent Sector","370"
"345","2019-07-01","2","Inpatient admissions","22.4175824175824","NHS","7766"
"346","2019-07-01","2","Inpatient admissions","22.4175824175824","Independent Sector","2244"
"347","2019-07-01","2","Outpatient appointments","6.97566984909147","NHS","6041"
"348","2019-07-01","2","Outpatient appointments","6.97566984909147","Independent Sector","453"
"349","2019-07-01","3","Inpatient admissions","24.5440089795155","NHS","8067"
"350","2019-07-01","3","Inpatient admissions","24.5440089795155","Independent Sector","2624"
"351","2019-07-01","3","Outpatient appointments","8.07210031347962","NHS","5865"
"352","2019-07-01","3","Outpatient appointments","8.07210031347962","Independent Sector","515"
"353","2019-07-01","4","Inpatient admissions","28.1272465851905","NHS","7998"
"354","2019-07-01","4","Inpatient admissions","28.1272465851905","Independent Sector","3130"
"355","2019-07-01","4","Outpatient appointments","9.21837228041902","NHS","5633"
"356","2019-07-01","4","Outpatient appointments","9.21837228041902","Independent Sector","572"
"357","2019-07-01","5","Inpatient admissions","29.466729589429","NHS","7473"
"358","2019-07-01","5","Inpatient admissions","29.466729589429","Independent Sector","3122"
"359","2019-07-01","5","Outpatient appointments","9.97036778804253","NHS","5165"
"360","2019-07-01","5","Outpatient appointments","9.97036778804253","Independent Sector","572"
"361","2019-08-01","1","Inpatient admissions","19.8807640832218","NHS","6585"
"362","2019-08-01","1","Inpatient admissions","19.8807640832218","Independent Sector","1634"
"363","2019-08-01","1","Outpatient appointments","7.26018396846255","NHS","5646"
"364","2019-08-01","1","Outpatient appointments","7.26018396846255","Independent Sector","442"
"365","2019-08-01","2","Inpatient admissions","22.8493709622577","NHS","6807"
"366","2019-08-01","2","Inpatient admissions","22.8493709622577","Independent Sector","2016"
"367","2019-08-01","2","Outpatient appointments","8.2643106939076","NHS","4984"
"368","2019-08-01","2","Outpatient appointments","8.2643106939076","Independent Sector","449"
"369","2019-08-01","3","Inpatient admissions","26.5391449775269","NHS","7028"
"370","2019-08-01","3","Inpatient admissions","26.5391449775269","Independent Sector","2539"
"371","2019-08-01","3","Outpatient appointments","9.12824341982453","NHS","4868"
"372","2019-08-01","3","Outpatient appointments","9.12824341982453","Independent Sector","489"
"373","2019-08-01","4","Inpatient admissions","28.6660552328544","NHS","7000"
"374","2019-08-01","4","Inpatient admissions","28.6660552328544","Independent Sector","2813"
"375","2019-08-01","4","Outpatient appointments","10.5900442052662","NHS","4652"
"376","2019-08-01","4","Outpatient appointments","10.5900442052662","Independent Sector","551"
"377","2019-08-01","5","Inpatient admissions","31.6026603733104","NHS","6376"
"378","2019-08-01","5","Inpatient admissions","31.6026603733104","Independent Sector","2946"
"379","2019-08-01","5","Outpatient appointments","9.36933306467862","NHS","4498"
"380","2019-08-01","5","Outpatient appointments","9.36933306467862","Independent Sector","465"
"381","2019-09-01","1","Inpatient admissions","19.8494825964252","NHS","6816"
"382","2019-09-01","1","Inpatient admissions","19.8494825964252","Independent Sector","1688"
"383","2019-09-01","1","Outpatient appointments","9.08097987205492","NHS","5827"
"384","2019-09-01","1","Outpatient appointments","9.08097987205492","Independent Sector","582"
"385","2019-09-01","2","Inpatient admissions","23.0857024278896","NHS","7413"
"386","2019-09-01","2","Inpatient admissions","23.0857024278896","Independent Sector","2225"
"387","2019-09-01","2","Outpatient appointments","8.89238294898672","NHS","5215"
"388","2019-09-01","2","Outpatient appointments","8.89238294898672","Independent Sector","509"
"389","2019-09-01","3","Inpatient admissions","25.6881635863154","NHS","7559"
"390","2019-09-01","3","Inpatient admissions","25.6881635863154","Independent Sector","2613"
"391","2019-09-01","3","Outpatient appointments","9.42630185348632","NHS","5131"
"392","2019-09-01","3","Outpatient appointments","9.42630185348632","Independent Sector","534"
"393","2019-09-01","4","Inpatient admissions","29.0226681531029","NHS","7640"
"394","2019-09-01","4","Inpatient admissions","29.0226681531029","Independent Sector","3124"
"395","2019-09-01","4","Outpatient appointments","10.7723957359267","NHS","4771"
"396","2019-09-01","4","Outpatient appointments","10.7723957359267","Independent Sector","576"
"397","2019-09-01","5","Inpatient admissions","29.6193307124365","NHS","7340"
"398","2019-09-01","5","Inpatient admissions","29.6193307124365","Independent Sector","3089"
"399","2019-09-01","5","Outpatient appointments","9.58597538232003","NHS","4848"
"400","2019-09-01","5","Outpatient appointments","9.58597538232003","Independent Sector","514"
"401","2019-10-01","1","Inpatient admissions","18.5938652893433","NHS","7723"
"402","2019-10-01","1","Inpatient admissions","18.5938652893433","Independent Sector","1764"
"403","2019-10-01","1","Outpatient appointments","9.38682816048448","NHS","5985"
"404","2019-10-01","1","Outpatient appointments","9.38682816048448","Independent Sector","620"
"405","2019-10-01","2","Inpatient admissions","23.0516341133243","NHS","7958"
"406","2019-10-01","2","Inpatient admissions","23.0516341133243","Independent Sector","2384"
"407","2019-10-01","2","Outpatient appointments","8.61513687600644","NHS","5675"
"408","2019-10-01","2","Outpatient appointments","8.61513687600644","Independent Sector","535"
"409","2019-10-01","3","Inpatient admissions","25.2277505255781","NHS","8536"
"410","2019-10-01","3","Inpatient admissions","25.2277505255781","Independent Sector","2880"
"411","2019-10-01","3","Outpatient appointments","10.1036269430052","NHS","5552"
"412","2019-10-01","3","Outpatient appointments","10.1036269430052","Independent Sector","624"
"413","2019-10-01","4","Inpatient admissions","29.0027220984905","NHS","8607"
"414","2019-10-01","4","Inpatient admissions","29.0027220984905","Independent Sector","3516"
"415","2019-10-01","4","Outpatient appointments","10.2375662279952","NHS","5252"
"416","2019-10-01","4","Outpatient appointments","10.2375662279952","Independent Sector","599"
"417","2019-10-01","5","Inpatient admissions","29.7766749379653","NHS","8207"
"418","2019-10-01","5","Inpatient admissions","29.7766749379653","Independent Sector","3480"
"419","2019-10-01","5","Outpatient appointments","9.65195550771439","NHS","5036"
"420","2019-10-01","5","Outpatient appointments","9.65195550771439","Independent Sector","538"
"421","2019-11-01","1","Inpatient admissions","20.0231213872832","NHS","6918"
"422","2019-11-01","1","Inpatient admissions","20.0231213872832","Independent Sector","1732"
"423","2019-11-01","1","Outpatient appointments","9.65285157633723","NHS","5101"
"424","2019-11-01","1","Outpatient appointments","9.65285157633723","Independent Sector","545"
"425","2019-11-01","2","Inpatient admissions","23.7804257052653","NHS","7484"
"426","2019-11-01","2","Inpatient admissions","23.7804257052653","Independent Sector","2335"
"427","2019-11-01","2","Outpatient appointments","9.93137628669463","NHS","4725"
"428","2019-11-01","2","Outpatient appointments","9.93137628669463","Independent Sector","521"
"429","2019-11-01","3","Inpatient admissions","26.8308253533972","NHS","8023"
"430","2019-11-01","3","Inpatient admissions","26.8308253533972","Independent Sector","2942"
"431","2019-11-01","3","Outpatient appointments","9.95770857362553","NHS","4684"
"432","2019-11-01","3","Outpatient appointments","9.95770857362553","Independent Sector","518"
"433","2019-11-01","4","Inpatient admissions","29.9187566231014","NHS","7936"
"434","2019-11-01","4","Inpatient admissions","29.9187566231014","Independent Sector","3388"
"435","2019-11-01","4","Outpatient appointments","11.5102040816327","NHS","4336"
"436","2019-11-01","4","Outpatient appointments","11.5102040816327","Independent Sector","564"
"437","2019-11-01","5","Inpatient admissions","31.9185520361991","NHS","7523"
"438","2019-11-01","5","Inpatient admissions","31.9185520361991","Independent Sector","3527"
"439","2019-11-01","5","Outpatient appointments","10.2844187963726","NHS","4353"
"440","2019-11-01","5","Outpatient appointments","10.2844187963726","Independent Sector","499"
"441","2019-12-01","1","Inpatient admissions","18.9773980154355","NHS","5879"
"442","2019-12-01","1","Inpatient admissions","18.9773980154355","Independent Sector","1377"
"443","2019-12-01","1","Outpatient appointments","9.22930542340628","NHS","4770"
"444","2019-12-01","1","Outpatient appointments","9.22930542340628","Independent Sector","485"
"445","2019-12-01","2","Inpatient admissions","22.0549819629307","NHS","6266"
"446","2019-12-01","2","Inpatient admissions","22.0549819629307","Independent Sector","1773"
"447","2019-12-01","2","Outpatient appointments","8.70385906040268","NHS","4353"
"448","2019-12-01","2","Outpatient appointments","8.70385906040268","Independent Sector","415"
"449","2019-12-01","3","Inpatient admissions","25.1701439250251","NHS","6707"
"450","2019-12-01","3","Inpatient admissions","25.1701439250251","Independent Sector","2256"
"451","2019-12-01","3","Outpatient appointments","9.94731296101159","NHS","4273"
"452","2019-12-01","3","Outpatient appointments","9.94731296101159","Independent Sector","472"
"453","2019-12-01","4","Inpatient admissions","29.2315901814301","NHS","6631"
"454","2019-12-01","4","Inpatient admissions","29.2315901814301","Independent Sector","2739"
"455","2019-12-01","4","Outpatient appointments","10.4461604461604","NHS","4175"
"456","2019-12-01","4","Outpatient appointments","10.4461604461604","Independent Sector","487"
"457","2019-12-01","5","Inpatient admissions","29.7974176313446","NHS","6307"
"458","2019-12-01","5","Inpatient admissions","29.7974176313446","Independent Sector","2677"
"459","2019-12-01","5","Outpatient appointments","9.89135355364418","NHS","3981"
"460","2019-12-01","5","Outpatient appointments","9.89135355364418","Independent Sector","437"
"461","2020-01-01","1","Inpatient admissions","19.8961937716263","NHS","6945"
"462","2020-01-01","1","Inpatient admissions","19.8961937716263","Independent Sector","1725"
"463","2020-01-01","1","Outpatient appointments","9.14485165794066","NHS","5206"
"464","2020-01-01","1","Outpatient appointments","9.14485165794066","Independent Sector","524"
"465","2020-01-01","2","Inpatient admissions","24.0575448913158","NHS","7232"
"466","2020-01-01","2","Inpatient admissions","24.0575448913158","Independent Sector","2291"
"467","2020-01-01","2","Outpatient appointments","9.62837837837838","NHS","4815"
"468","2020-01-01","2","Outpatient appointments","9.62837837837838","Independent Sector","513"
"469","2020-01-01","3","Inpatient admissions","26.733921815889","NHS","7553"
"470","2020-01-01","3","Inpatient admissions","26.733921815889","Independent Sector","2756"
"471","2020-01-01","3","Outpatient appointments","11.1466165413534","NHS","4727"
"472","2020-01-01","3","Outpatient appointments","11.1466165413534","Independent Sector","593"
"473","2020-01-01","4","Inpatient admissions","30.4967129291454","NHS","7612"
"474","2020-01-01","4","Inpatient admissions","30.4967129291454","Independent Sector","3340"
"475","2020-01-01","4","Outpatient appointments","11.188155922039","NHS","4739"
"476","2020-01-01","4","Outpatient appointments","11.188155922039","Independent Sector","597"
"477","2020-01-01","5","Inpatient admissions","32.5470373490593","NHS","7206"
"478","2020-01-01","5","Inpatient admissions","32.5470373490593","Independent Sector","3477"
"479","2020-01-01","5","Outpatient appointments","11.747401451265","NHS","4500"
"480","2020-01-01","5","Outpatient appointments","11.747401451265","Independent Sector","599"
"481","2020-02-01","1","Inpatient admissions","20.0942285041225","NHS","6784"
"482","2020-02-01","1","Inpatient admissions","20.0942285041225","Independent Sector","1706"
"483","2020-02-01","1","Outpatient appointments","10.0908563696114","NHS","4651"
"484","2020-02-01","1","Outpatient appointments","10.0908563696114","Independent Sector","522"
"485","2020-02-01","2","Inpatient admissions","24.0728968001695","NHS","7166"
"486","2020-02-01","2","Inpatient admissions","24.0728968001695","Independent Sector","2272"
"487","2020-02-01","2","Outpatient appointments","10.7158257869771","NHS","4141"
"488","2020-02-01","2","Outpatient appointments","10.7158257869771","Independent Sector","497"
"489","2020-02-01","3","Inpatient admissions","26.5523771553872","NHS","7369"
"490","2020-02-01","3","Inpatient admissions","26.5523771553872","Independent Sector","2664"
"491","2020-02-01","3","Outpatient appointments","10.5227731658066","NHS","3988"
"492","2020-02-01","3","Outpatient appointments","10.5227731658066","Independent Sector","469"
"493","2020-02-01","4","Inpatient admissions","29.5231813041839","NHS","7479"
"494","2020-02-01","4","Inpatient admissions","29.5231813041839","Independent Sector","3133"
"495","2020-02-01","4","Outpatient appointments","11.157504059383","NHS","3830"
"496","2020-02-01","4","Outpatient appointments","11.157504059383","Independent Sector","481"
"497","2020-02-01","5","Inpatient admissions","32.3444143795903","NHS","7001"
"498","2020-02-01","5","Inpatient admissions","32.3444143795903","Independent Sector","3347"
"499","2020-02-01","5","Outpatient appointments","10.8262108262108","NHS","3756"
"500","2020-02-01","5","Outpatient appointments","10.8262108262108","Independent Sector","456"
"501","2020-03-01","1","Inpatient admissions","21.2880765883377","NHS","4522"
"502","2020-03-01","1","Inpatient admissions","21.2880765883377","Independent Sector","1223"
"503","2020-03-01","1","Outpatient appointments","7.63500931098697","NHS","3968"
"504","2020-03-01","1","Outpatient appointments","7.63500931098697","Independent Sector","328"
"505","2020-03-01","2","Inpatient admissions","26.8888155724183","NHS","4432"
"506","2020-03-01","2","Inpatient admissions","26.8888155724183","Independent Sector","1630"
"507","2020-03-01","2","Outpatient appointments","8.54545454545454","NHS","3521"
"508","2020-03-01","2","Outpatient appointments","8.54545454545454","Independent Sector","329"
"509","2020-03-01","3","Inpatient admissions","29.6687188507769","NHS","4798"
"510","2020-03-01","3","Inpatient admissions","29.6687188507769","Independent Sector","2024"
"511","2020-03-01","3","Outpatient appointments","8.82743951076841","NHS","3429"
"512","2020-03-01","3","Outpatient appointments","8.82743951076841","Independent Sector","332"
"513","2020-03-01","4","Inpatient admissions","33.2726763717805","NHS","4767"
"514","2020-03-01","4","Inpatient admissions","33.2726763717805","Independent Sector","2377"
"515","2020-03-01","4","Outpatient appointments","9.12143256855064","NHS","3248"
"516","2020-03-01","4","Outpatient appointments","9.12143256855064","Independent Sector","326"
"517","2020-03-01","5","Inpatient admissions","34.9267426372651","NHS","4397"
"518","2020-03-01","5","Inpatient admissions","34.9267426372651","Independent Sector","2360"
"519","2020-03-01","5","Outpatient appointments","9.50506186726659","NHS","3218"
"520","2020-03-01","5","Outpatient appointments","9.50506186726659","Independent Sector","338"
"521","2020-04-01","1","Inpatient admissions","4.65116279069767","NHS","205"
"522","2020-04-01","1","Inpatient admissions","4.65116279069767","Independent Sector","10"
"523","2020-04-01","1","Outpatient appointments","1.4720314033366","NHS","2008"
"524","2020-04-01","1","Outpatient appointments","1.4720314033366","Independent Sector","30"
"525","2020-04-01","2","Inpatient admissions","9","NHS","182"
"526","2020-04-01","2","Inpatient admissions","9","Independent Sector","18"
"527","2020-04-01","2","Outpatient appointments","1.53186274509804","NHS","1607"
"528","2020-04-01","2","Outpatient appointments","1.53186274509804","Independent Sector","25"
"529","2020-04-01","3","Inpatient admissions","15.4255319148936","NHS","159"
"530","2020-04-01","3","Inpatient admissions","15.4255319148936","Independent Sector","29"
"531","2020-04-01","3","Outpatient appointments","1.82849936948298","NHS","1557"
"532","2020-04-01","3","Outpatient appointments","1.82849936948298","Independent Sector","29"
"533","2020-04-01","4","Inpatient admissions","11.3122171945701","NHS","196"
"534","2020-04-01","4","Inpatient admissions","11.3122171945701","Independent Sector","25"
"535","2020-04-01","4","Outpatient appointments","2.08754208754209","NHS","1454"
"536","2020-04-01","4","Outpatient appointments","2.08754208754209","Independent Sector","31"
"537","2020-04-01","5","Inpatient admissions","18.4210526315789","NHS","186"
"538","2020-04-01","5","Inpatient admissions","18.4210526315789","Independent Sector","42"
"539","2020-04-01","5","Outpatient appointments","1.83548606390211","NHS","1444"
"540","2020-04-01","5","Outpatient appointments","1.83548606390211","Independent Sector","27"
"541","2020-05-01","1","Inpatient admissions","10.9510086455331","NHS","309"
"542","2020-05-01","1","Inpatient admissions","10.9510086455331","Independent Sector","38"
"543","2020-05-01","1","Outpatient appointments","0.613207547169811","NHS","2107"
"544","2020-05-01","1","Outpatient appointments","0.613207547169811","Independent Sector","13"
"545","2020-05-01","2","Inpatient admissions","11.0169491525424","NHS","315"
"546","2020-05-01","2","Inpatient admissions","11.0169491525424","Independent Sector","39"
"547","2020-05-01","2","Outpatient appointments","1.01070154577883","NHS","1665"
"548","2020-05-01","2","Outpatient appointments","1.01070154577883","Independent Sector","17"
"549","2020-05-01","3","Inpatient admissions","10.5121293800539","NHS","332"
"550","2020-05-01","3","Inpatient admissions","10.5121293800539","Independent Sector","39"
"551","2020-05-01","3","Outpatient appointments","2.95783511642542","NHS","1542"
"552","2020-05-01","3","Outpatient appointments","2.95783511642542","Independent Sector","47"
"553","2020-05-01","4","Inpatient admissions","13.7203166226913","NHS","327"
"554","2020-05-01","4","Inpatient admissions","13.7203166226913","Independent Sector","52"
"555","2020-05-01","4","Outpatient appointments","2.26648351648352","NHS","1423"
"556","2020-05-01","4","Outpatient appointments","2.26648351648352","Independent Sector","33"
"557","2020-05-01","5","Inpatient admissions","12.1580547112462","NHS","289"
"558","2020-05-01","5","Inpatient admissions","12.1580547112462","Independent Sector","40"
"559","2020-05-01","5","Outpatient appointments","1.94986072423398","NHS","1408"
"560","2020-05-01","5","Outpatient appointments","1.94986072423398","Independent Sector","28"
"561","2020-06-01","1","Inpatient admissions","14.6574154379879","NHS","984"
"562","2020-06-01","1","Inpatient admissions","14.6574154379879","Independent Sector","169"
"563","2020-06-01","1","Outpatient appointments","0.787671232876712","NHS","2897"
"564","2020-06-01","1","Outpatient appointments","0.787671232876712","Independent Sector","23"
"565","2020-06-01","2","Inpatient admissions","19.112114371708","NHS","1075"
"566","2020-06-01","2","Inpatient admissions","19.112114371708","Independent Sector","254"
"567","2020-06-01","2","Outpatient appointments","1.98944376776289","NHS","2414"
"568","2020-06-01","2","Outpatient appointments","1.98944376776289","Independent Sector","49"
"569","2020-06-01","3","Inpatient admissions","18.5552407932011","NHS","1150"
"570","2020-06-01","3","Inpatient admissions","18.5552407932011","Independent Sector","262"
"571","2020-06-01","3","Outpatient appointments","2.50530785562633","NHS","2296"
"572","2020-06-01","3","Outpatient appointments","2.50530785562633","Independent Sector","59"
"573","2020-06-01","4","Inpatient admissions","16.6788055353241","NHS","1144"
"574","2020-06-01","4","Inpatient admissions","16.6788055353241","Independent Sector","229"
"575","2020-06-01","4","Outpatient appointments","2.22915737851092","NHS","2193"
"576","2020-06-01","4","Outpatient appointments","2.22915737851092","Independent Sector","50"
"577","2020-06-01","5","Inpatient admissions","16.5938864628821","NHS","1146"
"578","2020-06-01","5","Inpatient admissions","16.5938864628821","Independent Sector","228"
"579","2020-06-01","5","Outpatient appointments","1.99645075421473","NHS","2209"
"580","2020-06-01","5","Outpatient appointments","1.99645075421473","Independent Sector","45"
"581","2020-07-01","1","Inpatient admissions","13.7735849056604","NHS","2285"
"582","2020-07-01","1","Inpatient admissions","13.7735849056604","Independent Sector","365"
"583","2020-07-01","1","Outpatient appointments","2.18077474892396","NHS","3409"
"584","2020-07-01","1","Outpatient appointments","2.18077474892396","Independent Sector","76"
"585","2020-07-01","2","Inpatient admissions","16.974674880219","NHS","2426"
"586","2020-07-01","2","Inpatient admissions","16.974674880219","Independent Sector","496"
"587","2020-07-01","2","Outpatient appointments","3.47769028871391","NHS","2942"
"588","2020-07-01","2","Outpatient appointments","3.47769028871391","Independent Sector","106"
"589","2020-07-01","3","Inpatient admissions","17.8582482203652","NHS","2654"
"590","2020-07-01","3","Inpatient admissions","17.8582482203652","Independent Sector","577"
"591","2020-07-01","3","Outpatient appointments","4.29447852760736","NHS","2808"
"592","2020-07-01","3","Outpatient appointments","4.29447852760736","Independent Sector","126"
"593","2020-07-01","4","Inpatient admissions","19.4324491054904","NHS","2612"
"594","2020-07-01","4","Inpatient admissions","19.4324491054904","Independent Sector","630"
"595","2020-07-01","4","Outpatient appointments","5.35140920442383","NHS","2653"
"596","2020-07-01","4","Outpatient appointments","5.35140920442383","Independent Sector","150"
"597","2020-07-01","5","Inpatient admissions","20.428438373176","NHS","2563"
"598","2020-07-01","5","Inpatient admissions","20.428438373176","Independent Sector","658"
"599","2020-07-01","5","Outpatient appointments","4.26008968609865","NHS","2562"
"600","2020-07-01","5","Outpatient appointments","4.26008968609865","Independent Sector","114"
"601","2020-08-01","1","Inpatient admissions","16.9762789368391","NHS","2905"
"602","2020-08-01","1","Inpatient admissions","16.9762789368391","Independent Sector","594"
"603","2020-08-01","1","Outpatient appointments","3.82559774964838","NHS","3419"
"604","2020-08-01","1","Outpatient appointments","3.82559774964838","Independent Sector","136"
"605","2020-08-01","2","Inpatient admissions","20.4284621270084","NHS","3120"
"606","2020-08-01","2","Inpatient admissions","20.4284621270084","Independent Sector","801"
"607","2020-08-01","2","Outpatient appointments","4.35612082670906","NHS","3008"
"608","2020-08-01","2","Outpatient appointments","4.35612082670906","Independent Sector","137"
"609","2020-08-01","3","Inpatient admissions","21.1879836140191","NHS","3463"
"610","2020-08-01","3","Inpatient admissions","21.1879836140191","Independent Sector","931"
"611","2020-08-01","3","Outpatient appointments","4.74610023232658","NHS","2870"
"612","2020-08-01","3","Outpatient appointments","4.74610023232658","Independent Sector","143"
"613","2020-08-01","4","Inpatient admissions","24.5470232959448","NHS","3498"
"614","2020-08-01","4","Inpatient admissions","24.5470232959448","Independent Sector","1138"
"615","2020-08-01","4","Outpatient appointments","5.86611456176674","NHS","2728"
"616","2020-08-01","4","Outpatient appointments","5.86611456176674","Independent Sector","170"
"617","2020-08-01","5","Inpatient admissions","24.8443060498221","NHS","3379"
"618","2020-08-01","5","Inpatient admissions","24.8443060498221","Independent Sector","1117"
"619","2020-08-01","5","Outpatient appointments","5.48142805625676","NHS","2621"
"620","2020-08-01","5","Outpatient appointments","5.48142805625676","Independent Sector","152"
"621","2020-09-01","1","Inpatient admissions","16.7466986794718","NHS","4161"
"622","2020-09-01","1","Inpatient admissions","16.7466986794718","Independent Sector","837"
"623","2020-09-01","1","Outpatient appointments","4.51569202980357","NHS","4229"
"624","2020-09-01","1","Outpatient appointments","4.51569202980357","Independent Sector","200"
"625","2020-09-01","2","Inpatient admissions","20.3147100424328","NHS","4507"
"626","2020-09-01","2","Inpatient admissions","20.3147100424328","Independent Sector","1149"
"627","2020-09-01","2","Outpatient appointments","5.7011962331382","NHS","3705"
"628","2020-09-01","2","Outpatient appointments","5.7011962331382","Independent Sector","224"
"629","2020-09-01","3","Inpatient admissions","22.038567493113","NHS","4811"
"630","2020-09-01","3","Inpatient admissions","22.038567493113","Independent Sector","1360"
"631","2020-09-01","3","Outpatient appointments","6.19111709286676","NHS","3485"
"632","2020-09-01","3","Outpatient appointments","6.19111709286676","Independent Sector","230"
"633","2020-09-01","4","Inpatient admissions","25.2159161011721","NHS","4849"
"634","2020-09-01","4","Inpatient admissions","25.2159161011721","Independent Sector","1635"
"635","2020-09-01","4","Outpatient appointments","7.1484888304862","NHS","3533"
"636","2020-09-01","4","Outpatient appointments","7.1484888304862","Independent Sector","272"
"637","2020-09-01","5","Inpatient admissions","25.8738084430322","NHS","4899"
"638","2020-09-01","5","Inpatient admissions","25.8738084430322","Independent Sector","1710"
"639","2020-09-01","5","Outpatient appointments","6.88622754491018","NHS","3421"
"640","2020-09-01","5","Outpatient appointments","6.88622754491018","Independent Sector","253"
"641","2020-10-01","1","Inpatient admissions","18.270035134683","NHS","4885"
"642","2020-10-01","1","Inpatient admissions","18.270035134683","Independent Sector","1092"
"643","2020-10-01","1","Outpatient appointments","6.64090799323835","NHS","3866"
"644","2020-10-01","1","Outpatient appointments","6.64090799323835","Independent Sector","275"
"645","2020-10-01","2","Inpatient admissions","21.7772581116633","NHS","5352"
"646","2020-10-01","2","Inpatient admissions","21.7772581116633","Independent Sector","1490"
"647","2020-10-01","2","Outpatient appointments","7.12955573290769","NHS","3491"
"648","2020-10-01","2","Outpatient appointments","7.12955573290769","Independent Sector","268"
"649","2020-10-01","3","Inpatient admissions","24.104320337197","NHS","5762"
"650","2020-10-01","3","Inpatient admissions","24.104320337197","Independent Sector","1830"
"651","2020-10-01","3","Outpatient appointments","8.25136612021858","NHS","3358"
"652","2020-10-01","3","Outpatient appointments","8.25136612021858","Independent Sector","302"
"653","2020-10-01","4","Inpatient admissions","26.9421692727724","NHS","5887"
"654","2020-10-01","4","Inpatient admissions","26.9421692727724","Independent Sector","2171"
"655","2020-10-01","4","Outpatient appointments","8.35158817086528","NHS","3347"
"656","2020-10-01","4","Outpatient appointments","8.35158817086528","Independent Sector","305"
"657","2020-10-01","5","Inpatient admissions","27.9572564612326","NHS","5798"
"658","2020-10-01","5","Inpatient admissions","27.9572564612326","Independent Sector","2250"
"659","2020-10-01","5","Outpatient appointments","7.09318497913769","NHS","3340"
"660","2020-10-01","5","Outpatient appointments","7.09318497913769","Independent Sector","255"
"661","2020-11-01","1","Inpatient admissions","21.2392988177742","NHS","3864"
"662","2020-11-01","1","Inpatient admissions","21.2392988177742","Independent Sector","1042"
"663","2020-11-01","1","Outpatient appointments","7.51967356455844","NHS","3173"
"664","2020-11-01","1","Outpatient appointments","7.51967356455844","Independent Sector","258"
"665","2020-11-01","2","Inpatient admissions","23.3474438293715","NHS","4708"
"666","2020-11-01","2","Inpatient admissions","23.3474438293715","Independent Sector","1434"
"667","2020-11-01","2","Outpatient appointments","7.39856801909308","NHS","3104"
"668","2020-11-01","2","Outpatient appointments","7.39856801909308","Independent Sector","248"
"669","2020-11-01","3","Inpatient admissions","23.9776151528196","NHS","5298"
"670","2020-11-01","3","Inpatient admissions","23.9776151528196","Independent Sector","1671"
"671","2020-11-01","3","Outpatient appointments","8.81913303437967","NHS","3050"
"672","2020-11-01","3","Outpatient appointments","8.81913303437967","Independent Sector","295"
"673","2020-11-01","4","Inpatient admissions","28.2194994786236","NHS","5507"
"674","2020-11-01","4","Inpatient admissions","28.2194994786236","Independent Sector","2165"
"675","2020-11-01","4","Outpatient appointments","8.61170701808152","NHS","2982"
"676","2020-11-01","4","Outpatient appointments","8.61170701808152","Independent Sector","281"
"677","2020-11-01","5","Inpatient admissions","28.8679984332158","NHS","5448"
"678","2020-11-01","5","Inpatient admissions","28.8679984332158","Independent Sector","2211"
"679","2020-11-01","5","Outpatient appointments","8.96508335954703","NHS","2894"
"680","2020-11-01","5","Outpatient appointments","8.96508335954703","Independent Sector","285"
"681","2020-12-01","1","Inpatient admissions","21.1723329425557","NHS","3362"
"682","2020-12-01","1","Inpatient admissions","21.1723329425557","Independent Sector","903"
"683","2020-12-01","1","Outpatient appointments","7.46794871794872","NHS","2887"
"684","2020-12-01","1","Outpatient appointments","7.46794871794872","Independent Sector","233"
"685","2020-12-01","2","Inpatient admissions","23.9177277179236","NHS","3884"
"686","2020-12-01","2","Inpatient admissions","23.9177277179236","Independent Sector","1221"
"687","2020-12-01","2","Outpatient appointments","7.51655629139073","NHS","2793"
"688","2020-12-01","2","Outpatient appointments","7.51655629139073","Independent Sector","227"
"689","2020-12-01","3","Inpatient admissions","25.1192098092643","NHS","4397"
"690","2020-12-01","3","Inpatient admissions","25.1192098092643","Independent Sector","1475"
"691","2020-12-01","3","Outpatient appointments","8.63358259687288","NHS","2688"
"692","2020-12-01","3","Outpatient appointments","8.63358259687288","Independent Sector","254"
"693","2020-12-01","4","Inpatient admissions","27.9449838187702","NHS","4453"
"694","2020-12-01","4","Inpatient admissions","27.9449838187702","Independent Sector","1727"
"695","2020-12-01","4","Outpatient appointments","9.71631205673759","NHS","2546"
"696","2020-12-01","4","Outpatient appointments","9.71631205673759","Independent Sector","274"
"697","2020-12-01","5","Inpatient admissions","29.7225891677675","NHS","4256"
"698","2020-12-01","5","Inpatient admissions","29.7225891677675","Independent Sector","1800"
"699","2020-12-01","5","Outpatient appointments","9.10330719399932","NHS","2666"
"700","2020-12-01","5","Outpatient appointments","9.10330719399932","Independent Sector","267"
"701","2021-01-01","1","Inpatient admissions","40.1600582029829","NHS","1645"
"702","2021-01-01","1","Inpatient admissions","40.1600582029829","Independent Sector","1104"
"703","2021-01-01","1","Outpatient appointments","6.5775950668037","NHS","2727"
"704","2021-01-01","1","Outpatient appointments","6.5775950668037","Independent Sector","192"
"705","2021-01-01","2","Inpatient admissions","45.7346740188128","NHS","1673"
"706","2021-01-01","2","Inpatient admissions","45.7346740188128","Independent Sector","1410"
"707","2021-01-01","2","Outpatient appointments","9.26216640502355","NHS","2312"
"708","2021-01-01","2","Outpatient appointments","9.26216640502355","Independent Sector","236"
"709","2021-01-01","3","Inpatient admissions","50.9101760668457","NHS","1645"
"710","2021-01-01","3","Inpatient admissions","50.9101760668457","Independent Sector","1706"
"711","2021-01-01","3","Outpatient appointments","7.79910167415272","NHS","2258"
"712","2021-01-01","3","Outpatient appointments","7.79910167415272","Independent Sector","191"
"713","2021-01-01","4","Inpatient admissions","53.1153953618329","NHS","1678"
"714","2021-01-01","4","Inpatient admissions","53.1153953618329","Independent Sector","1901"
"715","2021-01-01","4","Outpatient appointments","9.52195880295375","NHS","2328"
"716","2021-01-01","4","Outpatient appointments","9.52195880295375","Independent Sector","245"
"717","2021-01-01","5","Inpatient admissions","55.1547855722806","NHS","1579"
"718","2021-01-01","5","Inpatient admissions","55.1547855722806","Independent Sector","1942"
"719","2021-01-01","5","Outpatient appointments","9.39342881213142","NHS","2151"
"720","2021-01-01","5","Outpatient appointments","9.39342881213142","Independent Sector","223"
"721","2021-02-01","1","Inpatient admissions","45.8976999656711","NHS","1576"
"722","2021-02-01","1","Inpatient admissions","45.8976999656711","Independent Sector","1337"
"723","2021-02-01","1","Outpatient appointments","6.61612680909717","NHS","2710"
"724","2021-02-01","1","Outpatient appointments","6.61612680909717","Independent Sector","192"
"725","2021-02-01","2","Inpatient admissions","48.3413751507841","NHS","1713"
"726","2021-02-01","2","Inpatient admissions","48.3413751507841","Independent Sector","1603"
"727","2021-02-01","2","Outpatient appointments","8.81226053639847","NHS","2380"
"728","2021-02-01","2","Outpatient appointments","8.81226053639847","Independent Sector","230"
"729","2021-02-01","3","Inpatient admissions","51.6414501855552","NHS","1694"
"730","2021-02-01","3","Inpatient admissions","51.6414501855552","Independent Sector","1809"
"731","2021-02-01","3","Outpatient appointments","9.36909709104647","NHS","2399"
"732","2021-02-01","3","Outpatient appointments","9.36909709104647","Independent Sector","248"
"733","2021-02-01","4","Inpatient admissions","55.0802139037433","NHS","1764"
"734","2021-02-01","4","Inpatient admissions","55.0802139037433","Independent Sector","2163"
"735","2021-02-01","4","Outpatient appointments","9.98829496683574","NHS","2307"
"736","2021-02-01","4","Outpatient appointments","9.98829496683574","Independent Sector","256"
"737","2021-02-01","5","Inpatient admissions","56.4423578508086","NHS","1670"
"738","2021-02-01","5","Inpatient admissions","56.4423578508086","Independent Sector","2164"
"739","2021-02-01","5","Outpatient appointments","10.8835341365462","NHS","2219"
"740","2021-02-01","5","Outpatient appointments","10.8835341365462","Independent Sector","271"
"741","2021-03-01","1","Inpatient admissions","34.3067226890756","NHS","3127"
"742","2021-03-01","1","Inpatient admissions","34.3067226890756","Independent Sector","1633"
"743","2021-03-01","1","Outpatient appointments","6.733641053489","NHS","3435"
"744","2021-03-01","1","Outpatient appointments","6.733641053489","Independent Sector","248"
"745","2021-03-01","2","Inpatient admissions","36.9945457965018","NHS","3350"
"746","2021-03-01","2","Inpatient admissions","36.9945457965018","Independent Sector","1967"
"747","2021-03-01","2","Outpatient appointments","7.96359499431172","NHS","3236"
"748","2021-03-01","2","Outpatient appointments","7.96359499431172","Independent Sector","280"
"749","2021-03-01","3","Inpatient admissions","39.5164017585391","NHS","3577"
"750","2021-03-01","3","Inpatient admissions","39.5164017585391","Independent Sector","2337"
"751","2021-03-01","3","Outpatient appointments","8.96088733216579","NHS","3119"
"752","2021-03-01","3","Outpatient appointments","8.96088733216579","Independent Sector","307"
"753","2021-03-01","4","Inpatient admissions","43.019403691434","NHS","3612"
"754","2021-03-01","4","Inpatient admissions","43.019403691434","Independent Sector","2727"
"755","2021-03-01","4","Outpatient appointments","11.7049085100203","NHS","3040"
"756","2021-03-01","4","Outpatient appointments","11.7049085100203","Independent Sector","403"
"757","2021-03-01","5","Inpatient admissions","45.6010312600709","NHS","3376"
"758","2021-03-01","5","Inpatient admissions","45.6010312600709","Independent Sector","2830"
"759","2021-03-01","5","Outpatient appointments","9.49545596991539","NHS","2888"
"760","2021-03-01","5","Outpatient appointments","9.49545596991539","Independent Sector","303"
"761","2021-04-01","1","Inpatient admissions","25.3265602322206","NHS","4116"
"762","2021-04-01","1","Inpatient admissions","25.3265602322206","Independent Sector","1396"
"763","2021-04-01","1","Outpatient appointments","6.50445675740785","NHS","3881"
"764","2021-04-01","1","Outpatient appointments","6.50445675740785","Independent Sector","270"
"765","2021-04-01","2","Inpatient admissions","29.4792164357382","NHS","4428"
"766","2021-04-01","2","Inpatient admissions","29.4792164357382","Independent Sector","1851"
"767","2021-04-01","2","Outpatient appointments","8.00528401585205","NHS","3482"
"768","2021-04-01","2","Outpatient appointments","8.00528401585205","Independent Sector","303"
"769","2021-04-01","3","Inpatient admissions","30.6750213614355","NHS","4868"
"770","2021-04-01","3","Inpatient admissions","30.6750213614355","Independent Sector","2154"
"771","2021-04-01","3","Outpatient appointments","9.2706013363029","NHS","3259"
"772","2021-04-01","3","Outpatient appointments","9.2706013363029","Independent Sector","333"
"773","2021-04-01","4","Inpatient admissions","34.7923533289387","NHS","4946"
"774","2021-04-01","4","Inpatient admissions","34.7923533289387","Independent Sector","2639"
"775","2021-04-01","4","Outpatient appointments","10.2822580645161","NHS","3115"
"776","2021-04-01","4","Outpatient appointments","10.2822580645161","Independent Sector","357"
"777","2021-04-01","5","Inpatient admissions","36.6310892172961","NHS","4631"
"778","2021-04-01","5","Inpatient admissions","36.6310892172961","Independent Sector","2677"
"779","2021-04-01","5","Outpatient appointments","8.99270072992701","NHS","3117"
"780","2021-04-01","5","Outpatient appointments","8.99270072992701","Independent Sector","308"
"781","2021-05-01","1","Inpatient admissions","22.3540145985401","NHS","5106"
"782","2021-05-01","1","Inpatient admissions","22.3540145985401","Independent Sector","1470"
"783","2021-05-01","1","Outpatient appointments","7.05536501714846","NHS","3794"
"784","2021-05-01","1","Outpatient appointments","7.05536501714846","Independent Sector","288"
"785","2021-05-01","2","Inpatient admissions","25.5945945945946","NHS","5506"
"786","2021-05-01","2","Inpatient admissions","25.5945945945946","Independent Sector","1894"
"787","2021-05-01","2","Outpatient appointments","9.28462709284627","NHS","3576"
"788","2021-05-01","2","Outpatient appointments","9.28462709284627","Independent Sector","366"
"789","2021-05-01","3","Inpatient admissions","27.7514864700886","NHS","5954"
"790","2021-05-01","3","Inpatient admissions","27.7514864700886","Independent Sector","2287"
"791","2021-05-01","3","Outpatient appointments","10.1587301587302","NHS","3396"
"792","2021-05-01","3","Outpatient appointments","10.1587301587302","Independent Sector","384"
"793","2021-05-01","4","Inpatient admissions","30.4641153890892","NHS","5978"
"794","2021-05-01","4","Inpatient admissions","30.4641153890892","Independent Sector","2619"
"795","2021-05-01","4","Outpatient appointments","9.5796943231441","NHS","3313"
"796","2021-05-01","4","Outpatient appointments","9.5796943231441","Independent Sector","351"
"797","2021-05-01","5","Inpatient admissions","33.1411764705882","NHS","5683"
"798","2021-05-01","5","Inpatient admissions","33.1411764705882","Independent Sector","2817"
"799","2021-05-01","5","Outpatient appointments","9.79115812313534","NHS","3326"
"800","2021-05-01","5","Outpatient appointments","9.79115812313534","Independent Sector","361"
"801","2021-06-01","1","Inpatient admissions","19.8296664300923","NHS","5648"
"802","2021-06-01","1","Inpatient admissions","19.8296664300923","Independent Sector","1397"
"803","2021-06-01","1","Outpatient appointments","6.82646212847555","NHS","4859"
"804","2021-06-01","1","Outpatient appointments","6.82646212847555","Independent Sector","356"
"805","2021-06-01","2","Inpatient admissions","24.9715801439939","NHS","5940"
"806","2021-06-01","2","Inpatient admissions","24.9715801439939","Independent Sector","1977"
"807","2021-06-01","2","Outpatient appointments","7.69881556683587","NHS","4364"
"808","2021-06-01","2","Outpatient appointments","7.69881556683587","Independent Sector","364"
"809","2021-06-01","3","Inpatient admissions","26.0139380783731","NHS","6476"
"810","2021-06-01","3","Inpatient admissions","26.0139380783731","Independent Sector","2277"
"811","2021-06-01","3","Outpatient appointments","9.04221127062353","NHS","4245"
"812","2021-06-01","3","Outpatient appointments","9.04221127062353","Independent Sector","422"
"813","2021-06-01","4","Inpatient admissions","29.4726411978421","NHS","6406"
"814","2021-06-01","4","Inpatient admissions","29.4726411978421","Independent Sector","2677"
"815","2021-06-01","4","Outpatient appointments","9.23008653206124","NHS","4091"
"816","2021-06-01","4","Outpatient appointments","9.23008653206124","Independent Sector","416"
"817","2021-06-01","5","Inpatient admissions","30.6515186645027","NHS","5982"
"818","2021-06-01","5","Inpatient admissions","30.6515186645027","Independent Sector","2644"
"819","2021-06-01","5","Outpatient appointments","9.49568378009995","NHS","3984"
"820","2021-06-01","5","Outpatient appointments","9.49568378009995","Independent Sector","418"
"821","2021-07-01","1","Inpatient admissions","22.635814889336","NHS","5383"
"822","2021-07-01","1","Inpatient admissions","22.635814889336","Independent Sector","1575"
"823","2021-07-01","1","Outpatient appointments","6.73306772908367","NHS","4682"
"824","2021-07-01","1","Outpatient appointments","6.73306772908367","Independent Sector","338"
"825","2021-07-01","2","Inpatient admissions","24.4897959183673","NHS","5772"
"826","2021-07-01","2","Inpatient admissions","24.4897959183673","Independent Sector","1872"
"827","2021-07-01","2","Outpatient appointments","7.00152207001522","NHS","4277"
"828","2021-07-01","2","Outpatient appointments","7.00152207001522","Independent Sector","322"
"829","2021-07-01","3","Inpatient admissions","26.9602207404001","NHS","6353"
"830","2021-07-01","3","Inpatient admissions","26.9602207404001","Independent Sector","2345"
"831","2021-07-01","3","Outpatient appointments","8.20419325432999","NHS","4028"
"832","2021-07-01","3","Outpatient appointments","8.20419325432999","Independent Sector","360"
"833","2021-07-01","4","Inpatient admissions","30.8356039963669","NHS","6092"
"834","2021-07-01","4","Inpatient admissions","30.8356039963669","Independent Sector","2716"
"835","2021-07-01","4","Outpatient appointments","9.29160601649685","NHS","3739"
"836","2021-07-01","4","Outpatient appointments","9.29160601649685","Independent Sector","383"
"837","2021-07-01","5","Inpatient admissions","31.8293683347006","NHS","5817"
"838","2021-07-01","5","Inpatient admissions","31.8293683347006","Independent Sector","2716"
"839","2021-07-01","5","Outpatient appointments","9.92491787893008","NHS","3839"
"840","2021-07-01","5","Outpatient appointments","9.92491787893008","Independent Sector","423"
"841","2021-08-01","1","Inpatient admissions","24.1554914276014","NHS","4468"
"842","2021-08-01","1","Inpatient admissions","24.1554914276014","Independent Sector","1423"
"843","2021-08-01","1","Outpatient appointments","7.71674988651838","NHS","4066"
"844","2021-08-01","1","Outpatient appointments","7.71674988651838","Independent Sector","340"
"845","2021-08-01","2","Inpatient admissions","27.7708786091276","NHS","4653"
"846","2021-08-01","2","Inpatient admissions","27.7708786091276","Independent Sector","1789"
"847","2021-08-01","2","Outpatient appointments","7.01578551741418","NHS","3711"
"848","2021-08-01","2","Outpatient appointments","7.01578551741418","Independent Sector","280"
"849","2021-08-01","3","Inpatient admissions","28.7006578947368","NHS","5202"
"850","2021-08-01","3","Inpatient admissions","28.7006578947368","Independent Sector","2094"
"851","2021-08-01","3","Outpatient appointments","10.1185770750988","NHS","3411"
"852","2021-08-01","3","Outpatient appointments","10.1185770750988","Independent Sector","384"
"853","2021-08-01","4","Inpatient admissions","32.3014095639573","NHS","5139"
"854","2021-08-01","4","Inpatient admissions","32.3014095639573","Independent Sector","2452"
"855","2021-08-01","4","Outpatient appointments","9.65590824219792","NHS","3387"
"856","2021-08-01","4","Outpatient appointments","9.65590824219792","Independent Sector","362"
"857","2021-08-01","5","Inpatient admissions","33.4890751683386","NHS","4840"
"858","2021-08-01","5","Inpatient admissions","33.4890751683386","Independent Sector","2437"
"859","2021-08-01","5","Outpatient appointments","9.00612843058886","NHS","3415"
"860","2021-08-01","5","Outpatient appointments","9.00612843058886","Independent Sector","338"
"861","2021-09-01","1","Inpatient admissions","23.5931771082417","NHS","4793"
"862","2021-09-01","1","Inpatient admissions","23.5931771082417","Independent Sector","1480"
"863","2021-09-01","1","Outpatient appointments","6.15905919872434","NHS","4708"
"864","2021-09-01","1","Outpatient appointments","6.15905919872434","Independent Sector","309"
"865","2021-09-01","2","Inpatient admissions","26.8894306611215","NHS","5098"
"866","2021-09-01","2","Inpatient admissions","26.8894306611215","Independent Sector","1875"
"867","2021-09-01","2","Outpatient appointments","7.83185840707965","NHS","4166"
"868","2021-09-01","2","Outpatient appointments","7.83185840707965","Independent Sector","354"
"869","2021-09-01","3","Inpatient admissions","30.3247251342368","NHS","5450"
"870","2021-09-01","3","Inpatient admissions","30.3247251342368","Independent Sector","2372"
"871","2021-09-01","3","Outpatient appointments","9.0950744558992","NHS","3968"
"872","2021-09-01","3","Outpatient appointments","9.0950744558992","Independent Sector","397"
"873","2021-09-01","4","Inpatient admissions","32.5967525332682","NHS","5521"
"874","2021-09-01","4","Inpatient admissions","32.5967525332682","Independent Sector","2670"
"875","2021-09-01","4","Outpatient appointments","9.48396094839609","NHS","3894"
"876","2021-09-01","4","Outpatient appointments","9.48396094839609","Independent Sector","408"
"877","2021-09-01","5","Inpatient admissions","33.1742842792567","NHS","5322"
"878","2021-09-01","5","Inpatient admissions","33.1742842792567","Independent Sector","2642"
"879","2021-09-01","5","Outpatient appointments","9.70433953266571","NHS","3787"
"880","2021-09-01","5","Outpatient appointments","9.70433953266571","Independent Sector","407"
"881","2021-10-01","1","Inpatient admissions","22.8654592496766","NHS","4770"
"882","2021-10-01","1","Inpatient admissions","22.8654592496766","Independent Sector","1414"
"883","2021-10-01","1","Outpatient appointments","6.1262091202211","NHS","4076"
"884","2021-10-01","1","Outpatient appointments","6.1262091202211","Independent Sector","266"
"885","2021-10-01","2","Inpatient admissions","27.1827706635623","NHS","5004"
"886","2021-10-01","2","Inpatient admissions","27.1827706635623","Independent Sector","1868"
"887","2021-10-01","2","Outpatient appointments","7.78354336545589","NHS","3732"
"888","2021-10-01","2","Outpatient appointments","7.78354336545589","Independent Sector","315"
"889","2021-10-01","3","Inpatient admissions","29.0688966550175","NHS","5683"
"890","2021-10-01","3","Inpatient admissions","29.0688966550175","Independent Sector","2329"
"891","2021-10-01","3","Outpatient appointments","10.2485267742762","NHS","3503"
"892","2021-10-01","3","Outpatient appointments","10.2485267742762","Independent Sector","400"
"893","2021-10-01","4","Inpatient admissions","32.5465385083344","NHS","5544"
"894","2021-10-01","4","Inpatient admissions","32.5465385083344","Independent Sector","2675"
"895","2021-10-01","4","Outpatient appointments","10.0695338655679","NHS","3492"
"896","2021-10-01","4","Outpatient appointments","10.0695338655679","Independent Sector","391"
"897","2021-10-01","5","Inpatient admissions","33.8569149588907","NHS","5390"
"898","2021-10-01","5","Inpatient admissions","33.8569149588907","Independent Sector","2759"
"899","2021-10-01","5","Outpatient appointments","9.87456631972244","NHS","3377"
"900","2021-10-01","5","Outpatient appointments","9.87456631972244","Independent Sector","370"
"901","2021-11-01","1","Inpatient admissions","21.2756467439786","NHS","5295"
"902","2021-11-01","1","Inpatient admissions","21.2756467439786","Independent Sector","1431"
"903","2021-11-01","1","Outpatient appointments","7.25715573585756","NHS","4115"
"904","2021-11-01","1","Outpatient appointments","7.25715573585756","Independent Sector","322"
"905","2021-11-01","2","Inpatient admissions","26.3199473337722","NHS","5596"
"906","2021-11-01","2","Inpatient admissions","26.3199473337722","Independent Sector","1999"
"907","2021-11-01","2","Outpatient appointments","8.46135089002682","NHS","3754"
"908","2021-11-01","2","Outpatient appointments","8.46135089002682","Independent Sector","347"
"909","2021-11-01","3","Inpatient admissions","27.4923403252416","NHS","6153"
"910","2021-11-01","3","Inpatient admissions","27.4923403252416","Independent Sector","2333"
"911","2021-11-01","3","Outpatient appointments","9.42528735632184","NHS","3546"
"912","2021-11-01","3","Outpatient appointments","9.42528735632184","Independent Sector","369"
"913","2021-11-01","4","Inpatient admissions","30.4791481810115","NHS","6268"
"914","2021-11-01","4","Inpatient admissions","30.4791481810115","Independent Sector","2748"
"915","2021-11-01","4","Outpatient appointments","10.7290589451913","NHS","3453"
"916","2021-11-01","4","Outpatient appointments","10.7290589451913","Independent Sector","415"
"917","2021-11-01","5","Inpatient admissions","32.3732718894009","NHS","5870"
"918","2021-11-01","5","Inpatient admissions","32.3732718894009","Independent Sector","2810"
"919","2021-11-01","5","Outpatient appointments","11.1342894393742","NHS","3408"
"920","2021-11-01","5","Outpatient appointments","11.1342894393742","Independent Sector","427"
"921","2021-12-01","1","Inpatient admissions","22.1855518885222","NHS","4244"
"922","2021-12-01","1","Inpatient admissions","22.1855518885222","Independent Sector","1210"
"923","2021-12-01","1","Outpatient appointments","7.75767543859649","NHS","3365"
"924","2021-12-01","1","Outpatient appointments","7.75767543859649","Independent Sector","283"
"925","2021-12-01","2","Inpatient admissions","25.8752917639213","NHS","4446"
"926","2021-12-01","2","Inpatient admissions","25.8752917639213","Independent Sector","1552"
"927","2021-12-01","2","Outpatient appointments","9.27152317880795","NHS","3288"
"928","2021-12-01","2","Outpatient appointments","9.27152317880795","Independent Sector","336"
"929","2021-12-01","3","Inpatient admissions","27.8026237328563","NHS","4843"
"930","2021-12-01","3","Inpatient admissions","27.8026237328563","Independent Sector","1865"
"931","2021-12-01","3","Outpatient appointments","10.6225014277556","NHS","3130"
"932","2021-12-01","3","Outpatient appointments","10.6225014277556","Independent Sector","372"
"933","2021-12-01","4","Inpatient admissions","30.7507761783799","NHS","4907"
"934","2021-12-01","4","Inpatient admissions","30.7507761783799","Independent Sector","2179"
"935","2021-12-01","4","Outpatient appointments","11.7697349672271","NHS","3096"
"936","2021-12-01","4","Outpatient appointments","11.7697349672271","Independent Sector","413"
"937","2021-12-01","5","Inpatient admissions","32.3374590980225","NHS","4756"
"938","2021-12-01","5","Inpatient admissions","32.3374590980225","Independent Sector","2273"
"939","2021-12-01","5","Outpatient appointments","10.613697005633","NHS","3015"
"940","2021-12-01","5","Outpatient appointments","10.613697005633","Independent Sector","358"
"941","2022-01-01","1","Inpatient admissions","26.0504201680672","NHS","3608"
"942","2022-01-01","1","Inpatient admissions","26.0504201680672","Independent Sector","1271"
"943","2022-01-01","1","Outpatient appointments","7.58640067434673","NHS","3289"
"944","2022-01-01","1","Outpatient appointments","7.58640067434673","Independent Sector","270"
"945","2022-01-01","2","Inpatient admissions","30.0842799560278","NHS","3816"
"946","2022-01-01","2","Inpatient admissions","30.0842799560278","Independent Sector","1642"
"947","2022-01-01","2","Outpatient appointments","9.8702763677383","NHS","3196"
"948","2022-01-01","2","Outpatient appointments","9.8702763677383","Independent Sector","350"
"949","2022-01-01","3","Inpatient admissions","31.9085173501577","NHS","4317"
"950","2022-01-01","3","Inpatient admissions","31.9085173501577","Independent Sector","2023"
"951","2022-01-01","3","Outpatient appointments","11.0031437553587","NHS","3114"
"952","2022-01-01","3","Outpatient appointments","11.0031437553587","Independent Sector","385"
"953","2022-01-01","4","Inpatient admissions","35.7438627624963","NHS","4345"
"954","2022-01-01","4","Inpatient admissions","35.7438627624963","Independent Sector","2417"
"955","2022-01-01","4","Outpatient appointments","12.7678571428571","NHS","2931"
"956","2022-01-01","4","Outpatient appointments","12.7678571428571","Independent Sector","429"
"957","2022-01-01","5","Inpatient admissions","38.4903891233005","NHS","3936"
"958","2022-01-01","5","Inpatient admissions","38.4903891233005","Independent Sector","2463"
"959","2022-01-01","5","Outpatient appointments","11.7091325508159","NHS","3084"
"960","2022-01-01","5","Outpatient appointments","11.7091325508159","Independent Sector","409"
"961","2022-02-01","1","Inpatient admissions","24.1350352704064","NHS","4517"
"962","2022-02-01","1","Inpatient admissions","24.1350352704064","Independent Sector","1437"
"963","2022-02-01","1","Outpatient appointments","8.59977949283352","NHS","3316"
"964","2022-02-01","1","Outpatient appointments","8.59977949283352","Independent Sector","312"
"965","2022-02-01","2","Inpatient admissions","28.3824413710162","NHS","4764"
"966","2022-02-01","2","Inpatient admissions","28.3824413710162","Independent Sector","1888"
"967","2022-02-01","2","Outpatient appointments","9.22198858516071","NHS","3022"
"968","2022-02-01","2","Outpatient appointments","9.22198858516071","Independent Sector","307"
"969","2022-02-01","3","Inpatient admissions","30.9943104849634","NHS","5094"
"970","2022-02-01","3","Inpatient admissions","30.9943104849634","Independent Sector","2288"
"971","2022-02-01","3","Outpatient appointments","11.1408199643494","NHS","2991"
"972","2022-02-01","3","Outpatient appointments","11.1408199643494","Independent Sector","375"
"973","2022-02-01","4","Inpatient admissions","34.4524990461656","NHS","5154"
"974","2022-02-01","4","Inpatient admissions","34.4524990461656","Independent Sector","2709"
"975","2022-02-01","4","Outpatient appointments","11.6250760803408","NHS","2904"
"976","2022-02-01","4","Outpatient appointments","11.6250760803408","Independent Sector","382"
"977","2022-02-01","5","Inpatient admissions","35.9688489968321","NHS","4851"
"978","2022-02-01","5","Inpatient admissions","35.9688489968321","Independent Sector","2725"
"979","2022-02-01","5","Outpatient appointments","11.412051125989","NHS","2911"
"980","2022-02-01","5","Outpatient appointments","11.412051125989","Independent Sector","375"
"981","2022-03-01","1","Inpatient admissions","25.6347726294649","NHS","5184"
"982","2022-03-01","1","Inpatient admissions","25.6347726294649","Independent Sector","1787"
"983","2022-03-01","1","Outpatient appointments","9.375","NHS","3654"
"984","2022-03-01","1","Outpatient appointments","9.375","Independent Sector","378"
"985","2022-03-01","2","Inpatient admissions","28.4132841328413","NHS","5432"
"986","2022-03-01","2","Inpatient admissions","28.4132841328413","Independent Sector","2156"
"987","2022-03-01","2","Outpatient appointments","11.6549486208761","NHS","3267"
"988","2022-03-01","2","Outpatient appointments","11.6549486208761","Independent Sector","431"
"989","2022-03-01","3","Inpatient admissions","30.2927001293053","NHS","5930"
"990","2022-03-01","3","Inpatient admissions","30.2927001293053","Independent Sector","2577"
"991","2022-03-01","3","Outpatient appointments","12.2350415884089","NHS","3271"
"992","2022-03-01","3","Outpatient appointments","12.2350415884089","Independent Sector","456"
"993","2022-03-01","4","Inpatient admissions","34.1921692169217","NHS","5849"
"994","2022-03-01","4","Inpatient admissions","34.1921692169217","Independent Sector","3039"
"995","2022-03-01","4","Outpatient appointments","14.0891579526692","NHS","3122"
"996","2022-03-01","4","Outpatient appointments","14.0891579526692","Independent Sector","512"
"997","2022-03-01","5","Inpatient admissions","36.3952679192763","NHS","5484"
"998","2022-03-01","5","Inpatient admissions","36.3952679192763","Independent Sector","3138"
"999","2022-03-01","5","Outpatient appointments","13.3097441480675","NHS","3185"
"1000","2022-03-01","5","Outpatient appointments","13.3097441480675","Independent Sector","489"
"1001","2022-04-01","1","Inpatient admissions","23.7063172043011","NHS","4541"
"1002","2022-04-01","1","Inpatient admissions","23.7063172043011","Independent Sector","1411"
"1003","2022-04-01","1","Outpatient appointments","8.39252828203104","NHS","3482"
"1004","2022-04-01","1","Outpatient appointments","8.39252828203104","Independent Sector","319"
"1005","2022-04-01","2","Inpatient admissions","29.3339347466546","NHS","4700"
"1006","2022-04-01","2","Inpatient admissions","29.3339347466546","Independent Sector","1951"
"1007","2022-04-01","2","Outpatient appointments","8.78998609179416","NHS","3279"
"1008","2022-04-01","2","Outpatient appointments","8.78998609179416","Independent Sector","316"
"1009","2022-04-01","3","Inpatient admissions","30.6038749823222","NHS","4907"
"1010","2022-04-01","3","Inpatient admissions","30.6038749823222","Independent Sector","2164"
"1011","2022-04-01","3","Outpatient appointments","10.8372921615202","NHS","3003"
"1012","2022-04-01","3","Outpatient appointments","10.8372921615202","Independent Sector","365"
"1013","2022-04-01","4","Inpatient admissions","34.75","NHS","4959"
"1014","2022-04-01","4","Inpatient admissions","34.75","Independent Sector","2641"
"1015","2022-04-01","4","Outpatient appointments","12.3441775615689","NHS","2883"
"1016","2022-04-01","4","Outpatient appointments","12.3441775615689","Independent Sector","406"
"1017","2022-04-01","5","Inpatient admissions","36.172613171626","NHS","4526"
"1018","2022-04-01","5","Inpatient admissions","36.172613171626","Independent Sector","2565"
"1019","2022-04-01","5","Outpatient appointments","12.0105975861054","NHS","2989"
"1020","2022-04-01","5","Outpatient appointments","12.0105975861054","Independent Sector","408"
"1021","2022-05-01","1","Inpatient admissions","22.5447372129069","NHS","5497"
"1022","2022-05-01","1","Inpatient admissions","22.5447372129069","Independent Sector","1600"
"1023","2022-05-01","1","Outpatient appointments","8.66385996011522","NHS","4122"
"1024","2022-05-01","1","Outpatient appointments","8.66385996011522","Independent Sector","391"
"1025","2022-05-01","2","Inpatient admissions","26.2233211868818","NHS","5669"
"1026","2022-05-01","2","Inpatient admissions","26.2233211868818","Independent Sector","2015"
"1027","2022-05-01","2","Outpatient appointments","9.35182970581201","NHS","3790"
"1028","2022-05-01","2","Outpatient appointments","9.35182970581201","Independent Sector","391"
"1029","2022-05-01","3","Inpatient admissions","29.4151180025083","NHS","6191"
"1030","2022-05-01","3","Inpatient admissions","29.4151180025083","Independent Sector","2580"
"1031","2022-05-01","3","Outpatient appointments","12.4073158675235","NHS","3544"
"1032","2022-05-01","3","Outpatient appointments","12.4073158675235","Independent Sector","502"
"1033","2022-05-01","4","Inpatient admissions","32.352607065773","NHS","5955"
"1034","2022-05-01","4","Inpatient admissions","32.352607065773","Independent Sector","2848"
"1035","2022-05-01","4","Outpatient appointments","10.7656731757451","NHS","3473"
"1036","2022-05-01","4","Outpatient appointments","10.7656731757451","Independent Sector","419"
"1037","2022-05-01","5","Inpatient admissions","34.7700804418298","NHS","5433"
"1038","2022-05-01","5","Inpatient admissions","34.7700804418298","Independent Sector","2896"
"1039","2022-05-01","5","Outpatient appointments","12.2324159021407","NHS","3444"
"1040","2022-05-01","5","Outpatient appointments","12.2324159021407","Independent Sector","480"
"1041","2022-06-01","1","Inpatient admissions","23.7578351933955","NHS","4987"
"1042","2022-06-01","1","Inpatient admissions","23.7578351933955","Independent Sector","1554"
"1043","2022-06-01","1","Outpatient appointments","7.63496724644229","NHS","4089"
"1044","2022-06-01","1","Outpatient appointments","7.63496724644229","Independent Sector","338"
"1045","2022-06-01","2","Inpatient admissions","27.8533168520808","NHS","5253"
"1046","2022-06-01","2","Inpatient admissions","27.8533168520808","Independent Sector","2028"
"1047","2022-06-01","2","Outpatient appointments","9.24029530840676","NHS","3811"
"1048","2022-06-01","2","Outpatient appointments","9.24029530840676","Independent Sector","388"
"1049","2022-06-01","3","Inpatient admissions","30.0324675324675","NHS","5603"
"1050","2022-06-01","3","Inpatient admissions","30.0324675324675","Independent Sector","2405"
"1051","2022-06-01","3","Outpatient appointments","11.1473763494853","NHS","3539"
"1052","2022-06-01","3","Outpatient appointments","11.1473763494853","Independent Sector","444"
"1053","2022-06-01","4","Inpatient admissions","33.7903421499636","NHS","5457"
"1054","2022-06-01","4","Inpatient admissions","33.7903421499636","Independent Sector","2785"
"1055","2022-06-01","4","Outpatient appointments","12.2261292940222","NHS","3245"
"1056","2022-06-01","4","Outpatient appointments","12.2261292940222","Independent Sector","452"
"1057","2022-06-01","5","Inpatient admissions","36.1045442605726","NHS","4865"
"1058","2022-06-01","5","Inpatient admissions","36.1045442605726","Independent Sector","2749"
"1059","2022-06-01","5","Outpatient appointments","12.3798756359525","NHS","3100"
"1060","2022-06-01","5","Outpatient appointments","12.3798756359525","Independent Sector","438"
"1061","2022-07-01","1","Inpatient admissions","24.0211311373524","NHS","4890"
"1062","2022-07-01","1","Inpatient admissions","24.0211311373524","Independent Sector","1546"
"1063","2022-07-01","1","Outpatient appointments","7.4664817383264","NHS","4003"
"1064","2022-07-01","1","Outpatient appointments","7.4664817383264","Independent Sector","323"
"1065","2022-07-01","2","Inpatient admissions","28.6934950385888","NHS","5174"
"1066","2022-07-01","2","Inpatient admissions","28.6934950385888","Independent Sector","2082"
"1067","2022-07-01","2","Outpatient appointments","8.31792975970425","NHS","3472"
"1068","2022-07-01","2","Outpatient appointments","8.31792975970425","Independent Sector","315"
"1069","2022-07-01","3","Inpatient admissions","30.7037315301778","NHS","5534"
"1070","2022-07-01","3","Inpatient admissions","30.7037315301778","Independent Sector","2452"
"1071","2022-07-01","3","Outpatient appointments","11.1975548763545","NHS","3196"
"1072","2022-07-01","3","Outpatient appointments","11.1975548763545","Independent Sector","403"
"1073","2022-07-01","4","Inpatient admissions","34.7610405323654","NHS","5392"
"1074","2022-07-01","4","Inpatient admissions","34.7610405323654","Independent Sector","2873"
"1075","2022-07-01","4","Outpatient appointments","12.5822133257077","NHS","3057"
"1076","2022-07-01","4","Outpatient appointments","12.5822133257077","Independent Sector","440"
"1077","2022-07-01","5","Inpatient admissions","36.2634479139333","NHS","4858"
"1078","2022-07-01","5","Inpatient admissions","36.2634479139333","Independent Sector","2764"
"1079","2022-07-01","5","Outpatient appointments","13.1414267834793","NHS","2776"
"1080","2022-07-01","5","Outpatient appointments","13.1414267834793","Independent Sector","420"
"1081","2022-08-01","1","Inpatient admissions","24.8079877112135","NHS","4895"
"1082","2022-08-01","1","Inpatient admissions","24.8079877112135","Independent Sector","1615"
"1083","2022-08-01","1","Outpatient appointments","8.10810810810811","NHS","4114"
"1084","2022-08-01","1","Outpatient appointments","8.10810810810811","Independent Sector","363"
"1085","2022-08-01","2","Inpatient admissions","28.8901282766313","NHS","5100"
"1086","2022-08-01","2","Inpatient admissions","28.8901282766313","Independent Sector","2072"
"1087","2022-08-01","2","Outpatient appointments","9.03094875697615","NHS","3586"
"1088","2022-08-01","2","Outpatient appointments","9.03094875697615","Independent Sector","356"
"1089","2022-08-01","3","Inpatient admissions","29.9294918550936","NHS","5764"
"1090","2022-08-01","3","Inpatient admissions","29.9294918550936","Independent Sector","2462"
"1091","2022-08-01","3","Outpatient appointments","10.9791501715492","NHS","3373"
"1092","2022-08-01","3","Outpatient appointments","10.9791501715492","Independent Sector","416"
"1093","2022-08-01","4","Inpatient admissions","33.9563862928349","NHS","5512"
"1094","2022-08-01","4","Inpatient admissions","33.9563862928349","Independent Sector","2834"
"1095","2022-08-01","4","Outpatient appointments","11.5693329642956","NHS","3195"
"1096","2022-08-01","4","Outpatient appointments","11.5693329642956","Independent Sector","418"
"1097","2022-08-01","5","Inpatient admissions","35.8436368177844","NHS","5137"
"1098","2022-08-01","5","Inpatient admissions","35.8436368177844","Independent Sector","2870"
"1099","2022-08-01","5","Outpatient appointments","13.5375191424196","NHS","2823"
"1100","2022-08-01","5","Outpatient appointments","13.5375191424196","Independent Sector","442"
"1101","2022-09-01","1","Inpatient admissions","24.722592099423","NHS","5088"
"1102","2022-09-01","1","Inpatient admissions","24.722592099423","Independent Sector","1671"
"1103","2022-09-01","1","Outpatient appointments","8.42352941176471","NHS","3892"
"1104","2022-09-01","1","Outpatient appointments","8.42352941176471","Independent Sector","358"
"1105","2022-09-01","2","Inpatient admissions","28.6542006847511","NHS","5418"
"1106","2022-09-01","2","Inpatient admissions","28.6542006847511","Independent Sector","2176"
"1107","2022-09-01","2","Outpatient appointments","9.91592482690406","NHS","3643"
"1108","2022-09-01","2","Outpatient appointments","9.91592482690406","Independent Sector","401"
"1109","2022-09-01","3","Inpatient admissions","30.2306805074971","NHS","6049"
"1110","2022-09-01","3","Inpatient admissions","30.2306805074971","Independent Sector","2621"
"1111","2022-09-01","3","Outpatient appointments","10.2729145211123","NHS","3485"
"1112","2022-09-01","3","Outpatient appointments","10.2729145211123","Independent Sector","399"
"1113","2022-09-01","4","Inpatient admissions","35.2518805561887","NHS","5681"
"1114","2022-09-01","4","Inpatient admissions","35.2518805561887","Independent Sector","3093"
"1115","2022-09-01","4","Outpatient appointments","12.5824175824176","NHS","3182"
"1116","2022-09-01","4","Outpatient appointments","12.5824175824176","Independent Sector","458"
"1117","2022-09-01","5","Inpatient admissions","35.9632595383891","NHS","5438"
"1118","2022-09-01","5","Inpatient admissions","35.9632595383891","Independent Sector","3054"
"1119","2022-09-01","5","Outpatient appointments","14.3941694503492","NHS","2819"
"1120","2022-09-01","5","Outpatient appointments","14.3941694503492","Independent Sector","474"
"1121","2022-10-01","1","Inpatient admissions","23.6204379562044","NHS","5232"
"1122","2022-10-01","1","Inpatient admissions","23.6204379562044","Independent Sector","1618"
"1123","2022-10-01","1","Outpatient appointments","8.73586844809866","NHS","3552"
"1124","2022-10-01","1","Outpatient appointments","8.73586844809866","Independent Sector","340"
"1125","2022-10-01","2","Inpatient admissions","29.1446673706441","NHS","5368"
"1126","2022-10-01","2","Inpatient admissions","29.1446673706441","Independent Sector","2208"
"1127","2022-10-01","2","Outpatient appointments","10.5716523101018","NHS","3426"
"1128","2022-10-01","2","Outpatient appointments","10.5716523101018","Independent Sector","405"
"1129","2022-10-01","3","Inpatient admissions","31.1591675386583","NHS","5921"
"1130","2022-10-01","3","Inpatient admissions","31.1591675386583","Independent Sector","2680"
"1131","2022-10-01","3","Outpatient appointments","11.4625574479589","NHS","3275"
"1132","2022-10-01","3","Outpatient appointments","11.4625574479589","Independent Sector","424"
"1133","2022-10-01","4","Inpatient admissions","33.9605633802817","NHS","5861"
"1134","2022-10-01","4","Inpatient admissions","33.9605633802817","Independent Sector","3014"
"1135","2022-10-01","4","Outpatient appointments","14.2168674698795","NHS","2848"
"1136","2022-10-01","4","Outpatient appointments","14.2168674698795","Independent Sector","472"
"1137","2022-10-01","5","Inpatient admissions","37.7185871453387","NHS","5378"
"1138","2022-10-01","5","Inpatient admissions","37.7185871453387","Independent Sector","3257"
"1139","2022-10-01","5","Outpatient appointments","14.6349106863052","NHS","2724"
"1140","2022-10-01","5","Outpatient appointments","14.6349106863052","Independent Sector","467"